date, pm25, pm10, o3, no2, so2, co
01-02-22,68,31,9,4, , 
02-02-22,58,35,10,6, , 
03-02-22,66,37,15,11, , 
04-02-22,73,48,17,15,1, 
05-02-22,94,54,21,13,1, 
06-02-22,112,71,26,20,1, 
07-02-22,147,66,24,19,1, 
08-02-22,145,45,15,6, , 
09-02-22,94, , , , , 
03-01-22,82,51,18,13, , 
04-01-22,101,59,21,21,1, 
05-01-22,112,56,23,23,1, 
06-01-22,113,64,20,21,1, 
07-01-22,129,58,19,20,1, 
08-01-22,103,56,20,19,1, 
09-01-22,117,76,23,22,1, 
10-01-22,117,61,21,20,1, 
11-01-22,104,52,19,13, , 
12-01-22,99,49,22,12, , 
13-01-22,94,46,21,12, , 
14-01-22,85,48,25,12, , 
15-01-22,94,52,23,10,1, 
16-01-22,101,58,20,19, , 
17-01-22,120,59,18,17,1, 
18-01-22,110,48,19,15, , 
19-01-22,85,55,25,16, , 
20-01-22,102,35,12,6, , 
21-01-22,67,26,7,6, , 
22-01-22,57,24,15,6, , 
23-01-22,64,28,15,10, , 
24-01-22,74,31,19,16, , 
25-01-22,82,32,14,7, , 
26-01-22,81,37,12,11, , 
27-01-22,87,46,11,7, , 
28-01-22,83,41,16,7, , 
29-01-22,86,36,12,5, , 
30-01-22,78,36,9,3, , 
31-01-22,76,35,10,3, , 
01-10-21,58,24,11,6,1, 
02-10-21,57,36,18,7,1, 
03-10-21,72,33,17,10,1, 
04-10-21,73,43,19,11,2, 
05-10-21,83,26,14,7, , 
06-10-21,64,34,11,10,1, 
07-10-21,69,51,20,12,1, 
08-10-21,100,25,5,5, , 
09-10-21,54,22,12,3, , 
10-10-21,48,22,8,4, , 
11-10-21,43,21,7,4, , 
12-10-21,47,19,13,2, , 
13-10-21,39,23,8,5, , 
14-10-21,49,25,5,7, , 
15-10-21,57,31,6,4, , 
16-10-21,57,17,6,6, , 
17-10-21,38,23,8,9, , 
18-10-21,48,38,9,11,1, 
19-10-21,72,45,20,11, , 
20-10-21,87,50,21,13,1, 
21-10-21,97,37,15,11,1, 
22-10-21,75,29,9,5, , 
23-10-21,58,28,17,5, , 
24-10-21,56,30,20,6, , 
25-10-21,64,40,26,6, , 
26-10-21,80,46,25,8,1, 
27-10-21,86,50,10,9,1, 
28-10-21,92,35,17,8, , 
29-10-21,76,45,13,10, , 
30-10-21,90,28,9,7, , 
31-10-21,61,31,11,6, , 
01-11-21,62,36,8,7, , 
02-11-21,69,35,11,7, , 
03-11-21,66,39,13,7, , 
04-11-21,67,34,13,9, , 
05-11-21,71,43,12,10, , 
06-11-21,81,31,13,7, , 
07-11-21,72,39,7,8, , 
08-11-21,71,35,11,7, , 
09-11-21,61,39,18,8, , 
10-11-21,74,52,22,7, , 
11-11-21,88,48,20,9, , 
12-11-21,81,45,14,9, , 
13-11-21,84,44,17,6, , 
14-11-21,90,45,18,8,1, 
15-11-21,92,33,11,8, , 
16-11-21,69,26,14,7, , 
17-11-21,55,30,9,6, , 
18-11-21,63,35,19,9, , 
19-11-21,70,39,18,9, , 
20-11-21,79,40,23,11, , 
21-11-21,79,41,8,14, , 
22-11-21,83,30,5,7, , 
23-11-21,58,32,14,9, , 
24-11-21,59,45,22,12,1, 
25-11-21,81,50,21,12, , 
26-11-21,89,43,20,8, , 
27-11-21,88,51,24,7, , 
28-11-21,96,44,20,7, , 
29-11-21,87,50,16,9, , 
30-11-21,94,54,16,9, , 
01-12-21,105,55,19,8, , 
02-12-21,105,56,24,15, , 
03-12-21,102,56,24,12, , 
04-12-21,103,59,24,8, , 
05-12-21,109,58,25,11, , 
06-12-21,111,64,13,16, , 
07-12-21,126,61,18,14,1, 
08-12-21,122,55,21,14, , 
09-12-21,100,54,20,15, , 
10-12-21,96,54,29,15, , 
11-12-21,98,47,23,10, , 
12-12-21,81,43,19,6, , 
13-12-21,79,65,23,14,1, 
14-12-21,123,63,29,16,1, 
15-12-21,129,62,29,12, , 
16-12-21,131,57,17,12,1, 
17-12-21,117,48,18,6, , 
18-12-21,90,43,21,8, , 
19-12-21,87,61,24,12, , 
20-12-21,128,75,27,16,1, 
21-12-21,159,79,31,20,1, 
22-12-21,166,74,23,24,1, 
23-12-21,146,65,18,15, , 
24-12-21,131,39,14,8, , 
25-12-21,78,37,13,8, , 
26-12-21,74,49,12,17, , 
27-12-21,89,35,18,8, , 
28-12-21,62,35,18,7, , 
29-12-21,64,35,16,8, , 
30-12-21,70,37,18,8, , 
31-12-21,69,34,18,7, , 
01-01-22,75,35,22,6, , 
02-01-22,75,40,17,8, , 
01-07-21,47,26,15,10,1, 
02-07-21,44,25,11,5, , 
03-07-21,47,19,14,3, , 
04-07-21,42,25,12,3, , 
05-07-21,41,39,9,4, , 
06-07-21,43,40,8,4,1, 
07-07-21,42,46,10,4,1, 
08-07-21,51,28,6,7, , 
09-07-21,48,20,4,6, , 
10-07-21,47,15,6,4, , 
11-07-21,34,17,7,5,1, 
12-07-21,33,25,13,5, , 
13-07-21,54,33,5,8, , 
14-07-21,67,24,6,4, , 
15-07-21,53,24,7,5,1, 
16-07-21,50,23,11,4,1, 
17-07-21,54,20,7,2,1, 
18-07-21,43,17,7,3,1, 
19-07-21,31,17,7,3, , 
20-07-21,35,18,6,2,1, 
21-07-21,36,30,6,2, , 
22-07-21,55,25,6,4,2, 
23-07-21,51,30,3,4,3, 
24-07-21,56,21,4,3,7, 
25-07-21,44,22,7,4, , 
26-07-21,48,21,8,3,4, 
27-07-21,40,22,5,4,6, 
28-07-21,45,23,9,3,4, 
29-07-21,44,26,9,4,3, 
30-07-21,53,30,7,3,1, 
31-07-21,61,24,7,3,5, 
01-08-21,52,23,8,3,3, 
02-08-21,42,20,7,3,1, 
03-08-21,40,25,11,2,1, 
04-08-21,52,29,10,2,3, 
05-08-21,60,24,12,2, , 
06-08-21,53,26,13,2,1, 
07-08-21,54,28,15,1,1, 
08-08-21,57,29,15,1,1, 
09-08-21,56,29,8,2, , 
10-08-21,56,21,4,3,1, 
11-08-21,42,18,5,2, , 
12-08-21,33,18,7,4,1, 
13-08-21,37,23,4,4,1, 
14-08-21,43,17,4,2, , 
15-08-21,37,16,7,4, , 
16-08-21,32,28,20,6,1, 
17-08-21,60,26,13,2,1, 
18-08-21,54,26,16,5,1, 
19-08-21,49,30,14,8,1, 
20-08-21,61,27,9,5, , 
21-08-21,55,25,11,2, , 
22-08-21,55,21,11,2, , 
23-08-21,42,22,11,2, , 
24-08-21,45,25,8,5, , 
25-08-21,51,18,4,4,1, 
26-08-21,36,22,2,7,1, 
27-08-21,52,19,2,4, , 
28-08-21,42,14,5,3, , 
29-08-21,33,24,7,6, , 
30-08-21,50,27,6,7,1, 
31-08-21,61,29,8,7,1, 
01-09-21,62,25,5,6,1, 
02-09-21,45,20,3,4,1, 
03-09-21,39,22,4,4,1, 
04-09-21,45,23,1,2,1, 
05-09-21,53,32,10,4,1, 
06-09-21,59,29,4,11,1, 
07-09-21,58,21,9,12,1, 
08-09-21,53,29,5,7, , 
09-09-21,62,19,6,7,1, 
10-09-21,44,23,8,10, , 
11-09-21,47,22,7,8,1, 
12-09-21,46,23,7,1, , 
13-09-21,45,25,12,2, , 
14-09-21,53,23,5,4, , 
15-09-21,50,19,6,4,1, 
16-09-21,37,22,7,4, , 
17-09-21,44,31,18,6, , 
18-09-21,59,25,13,5, , 
19-09-21,52,27,9,4, , 
20-09-21,54,16,7,2,1, 
21-09-21,33,9,7,4,1, 
22-09-21,23,10,5,3, , 
23-09-21,18,12,5,4,1, 
24-09-21,30,11,6,2, , 
25-09-21,19,9,6,3, , 
26-09-21,25,18,8,6,1, 
27-09-21,35,34,7,9,1, 
28-09-21,66,50,22,13,1, 
29-09-21,98,38,14,10,2, 
30-09-21,79,28,8,4,1, 
01-04-21,79,22,7,5, , 
02-04-21,47,28,15,6,1, 
03-04-21,55,30,6,7, , 
04-04-21,59,47,6,16, , 
05-04-21,91,46,8,15,2, 
06-04-21,86,47,15,16,1, 
07-04-21,89,46,17,10,1, 
08-04-21,86,38,15,10,1, 
09-04-21,74,49,17,11,1, 
10-04-21,90,42,19,11, , 
11-04-21,85,44,14,11,1, 
12-04-21,86,34,10,6,1, 
13-04-21,70,28,8,4,1, 
14-04-21,61,35,22,5,1, 
15-04-21,74,28,10,5,1, 
16-04-21,66,27,19,6,1, 
17-04-21,64,28,15,4,1, 
18-04-21,61,25,13,4,1, 
19-04-21,47,27,24,10,1, 
20-04-21,51,30,9,10,1, 
21-04-21,58,39,17,9,1, 
22-04-21,83,42,15,7, , 
23-04-21,77,43,9,8, , 
24-04-21,75,40,13,6, , 
25-04-21,84,39,13,11, , 
26-04-21,79,32,12,11,1, 
27-04-21,66,41,15,13,1, 
28-04-21,82,30,11,9, , 
29-04-21,62,33,16,10, , 
30-04-21,67,32,11,10, , 
01-05-21,70,38,19,9, , 
02-05-21,73,35,17,15, , 
03-05-21,69,42,22,9,1, 
04-05-21,80,44,29,10,1, 
05-05-21,90,35,16,12, , 
06-05-21,69,28,15,9, , 
07-05-21,48,42,28,9,1, 
08-05-21,83,34,23,8, , 
09-05-21,71,31,13,4, , 
10-05-21,67,30,15,6, , 
11-05-21,62,26,13,4, , 
12-05-21,59,27,15,5, , 
13-05-21,61,23,8,5, , 
14-05-21,50,25,12,5, , 
15-05-21,53,21,9,4, , 
16-05-21,46,24,10,5,1, 
17-05-21,56,21,9,4, , 
18-05-21,45,27,14,6,1, 
19-05-21,54,26,10,9, , 
20-05-21,48,20,7,7, , 
21-05-21,43,23,16,5, , 
22-05-21,49,22,13,4, , 
23-05-21,44,25,13,4, , 
24-05-21,48,26,13,6, , 
25-05-21,43,25,19,7,1, 
26-05-21,56,30,17,6,1, 
27-05-21,66,23,7,6, , 
28-05-21,49,20,6,5,1, 
29-05-21,45,17,7,4,1, 
30-05-21,36,23,8,5, , 
31-05-21,47,24,12,5, , 
01-06-21,58,28,6,4,1, 
02-06-21,60,23,11,4,1, 
03-06-21,53,27,13,4,1, 
04-06-21,55,26,10,4,1, 
05-06-21,56,23,6,5,1, 
06-06-21,49,21,11,4, , 
07-06-21,45,21,14,6,2, 
08-06-21,46,16,9,5, , 
09-06-21,35,14,8,5,1, 
10-06-21,29,25,9,6,2, 
11-06-21,51,36,9,8,2, 
12-06-21,72,33,6,6,2, 
13-06-21,61,27,6,6,1, 
14-06-21,51,32,5,7, , 
15-06-21,62,26,8,5, , 
16-06-21,46,22,15,6,1, 
17-06-21,46,25,5,6,1, 
18-06-21,50,25,14,3, , 
19-06-21,50,27,13,5, , 
20-06-21,45,44,13,4,1, 
21-06-21,74,54,12,8, , 
22-06-21,94,41,13,5,1, 
23-06-21,68,25,12,3, , 
24-06-21,46,35,13,4, , 
25-06-21,67,28,6,4,1, 
26-06-21,54,19,9,1, , 
27-06-21,36,25,13,6,1, 
28-06-21,48,32,12,7,1, 
29-06-21,61,25,11,5, , 
30-06-21,49,24,9,4, , 
04-01-21,119,57,17,25,3, 
05-01-21,108,55,20,22,1, 
06-01-21,116,50,20,18,1, 
07-01-21,100,44,12,9, , 
08-01-21,87,40,18,10,1, 
09-01-21,74,49,19,15,1, 
10-01-21,89,51,17,14,1, 
11-01-21,97,56,17,18,1, 
12-01-21,96,73,24,22,2, 
13-01-21,143,85,28,35,3, 
14-01-21,168,91,29,28,3, 
15-01-21,180,81,26,20,1, 
16-01-21,167,62,23,11,2, 
17-01-21,134,53,20,12,1, 
18-01-21,101,67,24,25,1, 
19-01-21,149,79,34,26,1, 
20-01-21,169,82,27,32,1, 
21-01-21,170,93,42,36,3, 
22-01-21,187,83,26,22,1, 
23-01-21,165,49,14,13,1, 
24-01-21,105,47,13,11,1, 
25-01-21,90,51,14,12,1, 
26-01-21,95,55,11,15,1, 
27-01-21,110,56,20,15,2, 
28-01-21,110,61,20,16,1, 
29-01-21,120,61,19,16,1, 
30-01-21,131,67,24,16,1, 
31-01-21,138,78,26,27,2, 
01-02-21,159,76,24,28,1, 
02-02-21,149,70,20,22,1, 
03-02-21,150,68,16,23,1, 
04-02-21,142,70,20,26,1, 
05-02-21,141,66,23,22,2, 
06-02-21,139,74,34,21,3, 
07-02-21,160,59,14,8,2, 
08-02-21,111,68,8,13,1, 
09-02-21,114,56,21,15,1, 
10-02-21,107,51,4,19,1, 
11-02-21,98,65,20,25,1, 
12-02-21,123,59,26,12,1, 
13-02-21,121,46,18,10,1, 
14-02-21,95,53,15,11,1, 
15-02-21,93,46,16,10,1, 
16-02-21,93,51,20,15,1, 
17-02-21,107,62,16,14,1, 
18-02-21,131,57,17,15,1, 
19-02-21,121,61,24,17,1, 
20-02-21,128,71,32,23,1, 
21-02-21,154,66,20,13, , 
22-02-21,147,60,18,13,1, 
23-02-21,125,63,16,11,1, 
24-02-21,129,64,28,20,1, 
25-02-21,141,65,9,16,1, 
26-02-21,143,61,6,11,1, 
27-02-21,142,65,8,7,2, 
28-02-21,126,46,10,10,2, 
01-03-21,83,32,8,8,1, 
02-03-21,67,27,7,6,2, 
03-03-21,58,37,13,10,1, 
04-03-21,74,35,14,6, , 
05-03-21,71,39,13,5,1, 
06-03-21,80,39,13,3,1, 
07-03-21,77,42,13,9,1, 
08-03-21,86,46,12,12,1, 
09-03-21,89,52,15,16,1, 
10-03-21,105,61,15,16,1, 
11-03-21,120,56,16,14,5, 
12-03-21,104,48,16,11,1, 
13-03-21,94,45,14,7, , 
14-03-21,88,43,12,8, , 
15-03-21,86,51,12,7, , 
16-03-21,93,54,11,7, , 
17-03-21,104,59,15,10, , 
18-03-21,121,54,16,7, , 
19-03-21,104,55,14,5,1, 
20-03-21,103,42,11,4, , 
21-03-21,84,60,8,13, , 
22-03-21,117,60,23,17, , 
23-03-21,119,68,30,17, , 
24-03-21,140,63,23,9,1, 
25-03-21,119,39,15,5, , 
26-03-21,73,34,9,4, , 
27-03-21,62,35,12,4,1, 
28-03-21,71,34,12,4,1, 
29-03-21,70,39,14,6,1, 
30-03-21,75,44,17,7, , 
31-03-21,93,36,13,7, , 
01-10-20,56,21,7,12, , 
02-10-20,48,25,12,14, , 
03-10-20,57,18,11,12, , 
04-10-20,43,23,10,9, , 
05-10-20,58,26,12,12, , 
06-10-20,68,28,12,9, , 
07-10-20,67,20,5,10, , 
08-10-20,57,20,4,18, , 
09-10-20,53,26,2,16, , 
10-10-20,52,27,6,16, , 
11-10-20,58,42,12,20, , 
12-10-20,77,31,3,16, , 
13-10-20,69,32,11,16, , 
14-10-20,63,55,11,12,1, 
15-10-20,79,26,11,13, , 
16-10-20,49,20,4,15, , 
17-10-20,46,19,5,7, , 
18-10-20,42,34,4,7, , 
19-10-20,71,41,8,7, , 
20-10-20,67,31,9,12, , 
21-10-20,65,28,6,9,1, 
22-10-20,75,38,16,8, , 
23-10-20,83,59,22,12,1, 
24-10-20,99,64,29,25,1, 
25-10-20,128,59,22,25,1, 
26-10-20,116,42,11,21,1, 
27-10-20,82,46,16,20, , 
28-10-20,94,33,3,15, , 
29-10-20,76,25,2,12, , 
30-10-20,57,29,8,14, , 
31-10-20,58,32,7,12, , 
01-11-20,56,42,15,12, , 
02-11-20,77,38,13,9, , 
03-11-20,79,42,18,13, , 
04-11-20,94,39,23,14,1, 
05-11-20,85,49,20,18,2, 
06-11-20,94,34,16,10, , 
07-11-20,74,49,21,11, , 
08-11-20,103,49,22,14, , 
09-11-20,102,53,23,18,1, 
10-11-20,108,52,19,15,1, 
11-11-20,101,42,12,15, , 
12-11-20,87,53,21,15, , 
13-11-20,106,62,31,16,1, 
14-11-20,120,65,34,16,1, 
15-11-20,138,37,23,13,1, 
16-11-20,77,47,18,20,1, 
17-11-20,89,50,15,23,1, 
18-11-20,100,57,20,21,1, 
19-11-20,119,53,12,21, , 
20-11-20,107,43,5,17, , 
21-11-20,80,35,11,19, , 
22-11-20,77,49,7,21,1, 
23-11-20,92,36,11,15, , 
24-11-20,72,39,12,14, , 
25-11-20,73,37,14,15, , 
26-11-20,67,30,12,15, , 
27-11-20,59,40,20,10, , 
28-11-20,71,35,24,11, , 
29-11-20,71,27,21,9, , 
30-11-20,60,37,17,12,1, 
01-12-20,66,33,18,10,1, 
02-12-20,67,32,18,9,1, 
03-12-20,68,39,20,10,1, 
04-12-20,80,42,21,11, , 
05-12-20,83,51,23,16,1, 
06-12-20,91,56,20,20,1, 
07-12-20,109,54,22,17,1, 
08-12-20,104,53,22,16,1, 
09-12-20,103,64,25,22,2, 
10-12-20,132,71,28,15,2, 
11-12-20,148,65,22,17,1, 
12-12-20,140,70,16,23,2, 
13-12-20,143,71,15,25,1, 
14-12-20,161,76,7,24,3, 
15-12-20,149,51,10,15,2, 
16-12-20,107,44,13,16,2, 
17-12-20,83,50,24,25,1, 
18-12-20,93,43,20,17,1, 
19-12-20,79,42,21,15,1, 
20-12-20,81,47,19,25,1, 
21-12-20,88,60,20,26,2, 
22-12-20,116,64,19,28,2, 
23-12-20,128,63,19,31,2, 
24-12-20,138,57,9,25,2, 
25-12-20,120,55,14,28,2, 
26-12-20,106,51,20,18,1, 
27-12-20,101,42,15,17,1, 
28-12-20,81,55,16,24,1, 
29-12-20,105,51,11,18,2, 
30-12-20,98,38,19,5,1, 
31-12-20,76,42,24,8,1, 
01-01-21,82,46,25,11,1, 
02-01-21,93,58,26,14,2, 
03-01-21,130,56,21,17,2, 
01-07-20,46,21,3,5, , 
02-07-20,46,22,5,6, , 
03-07-20,55,29,8,5, , 
04-07-20,60,23,7,3, , 
05-07-20,55,23,10,3, , 
06-07-20,50,23,14,3, , 
07-07-20,53,19,6,5,1, 
08-07-20,47,23,12,5,2, 
09-07-20,50,22,5,6,2, 
10-07-20,53,26,7,7,1, 
11-07-20,50,24,13,7,2, 
12-07-20,50,27,9,9,1, 
13-07-20,42,24,6,8,1, 
14-07-20,53,27,8,8,2, 
15-07-20,57,25,94,7,1, 
16-07-20,51,26,13,6,2, 
17-07-20,53,26,15,7,1, 
18-07-20,65,18,6,4,2, 
19-07-20,42,29,2,10,2, 
20-07-20,61,28,3,16,1, 
21-07-20,60,26,8,12,2, 
22-07-20,63,21,5,7,1, 
23-07-20,56,25,3,11,2, 
24-07-20,58,26,8,10,1, 
25-07-20,59,22,7,5,1, 
26-07-20,51,15,6,4,2, 
27-07-20,40,18,7,5,1, 
28-07-20,44,23,12,7,2, 
29-07-20,49,20,10,5,2, 
30-07-20,48,18,8,5,2, 
31-07-20,43,17,6,4,1, 
01-08-20,41,14,5,4,2, 
02-08-20,32,17,5,4,1, 
03-08-20,37,19,5,4, , 
04-08-20,44,21,8,5, , 
05-08-20,48,27,7,7,1, 
06-08-20,57,28,5,8, , 
07-08-20,57,25,4,6, , 
08-08-20,49,19,5,6, , 
09-08-20,42,18,5,5, , 
10-08-20,42,25,5,6, , 
11-08-20,45,17,4,4, , 
12-08-20,41,21,4,6, , 
13-08-20,51,25,5,8, , 
14-08-20,56,31,4,7, , 
15-08-20,61,28,8,5, , 
16-08-20,57,32,8,7, , 
17-08-20,63,40,13,6,1, 
18-08-20,73,32,8,7, , 
19-08-20,65,38,5,7, , 
20-08-20,76,29,7,6, , 
21-08-20,60,23,17,5, , 
22-08-20,55,23,7,6, , 
23-08-20,52,27,8,6, , 
24-08-20,58,28,11,8, , 
25-08-20,57,26,10,5, , 
26-08-20,53,26,5,4, , 
27-08-20,51,28,4,5, , 
28-08-20,60,27,16,8, , 
29-08-20,62,31,13,8, , 
30-08-20,68,23,7,5, , 
31-08-20,52,24,11,9, , 
01-09-20,52,36,9,10, , 
02-09-20,71,29,6,8, , 
03-09-20,63,26,7,7, , 
04-09-20,60,24,6,6, , 
05-09-20,54,17,12,2, , 
06-09-20,44,16,7,3, , 
07-09-20,40,22,9,4, , 
08-09-20,50,29,3,5, , 
09-09-20,67,26,16,7, , 
10-09-20,57,19,8,6, , 
11-09-20,41,20,3,7, , 
12-09-20,42,18,2,6, , 
13-09-20,44,17,7,6,1, 
14-09-20,39,24,12,10, , 
15-09-20,47,26,16,11, , 
16-09-20,52,28,14,10, , 
17-09-20,50,24,5,9, , 
18-09-20,50,16,5,4, , 
19-09-20,39,16,4,3, , 
20-09-20,26,31,11,4, , 
21-09-20,55,39,12,9, , 
22-09-20,62,42,15,13, , 
23-09-20,77,21,9,3, , 
24-09-20,37,32,13,4, , 
25-09-20,46,33,6,6, , 
26-09-20,83,20,8,7, , 
27-09-20,49,27,6,7, , 
28-09-20,49,18,7,8, , 
29-09-20,38,25,11,11,1, 
30-09-20,57,26,6,9,1, 
01-04-20,73,31,1,2,4, 
02-04-20,62,27,5,3, , 
03-04-20,54,27,4,2, , 
04-04-20,62,28,8,2, , 
05-04-20,63,28,6,2, , 
06-04-20,61,39,9,4,10, 
07-04-20,74,37,6,6, , 
08-04-20,70,30,9,4, , 
09-04-20,61,29,13,4, , 
10-04-20,69,30,9,5, , 
11-04-20,73,19,9,2, , 
12-04-20,68,40,12,12, , 
13-04-20,89,50,23,7, , 
14-04-20,110,44,21,7, , 
15-04-20,90,27,12,4, , 
16-04-20,69,23,11,3,8, 
17-04-20,56,23,14,4, , 
18-04-20,53,26,11,6, , 
19-04-20,57,23,11,4, , 
20-04-20,60,22,10,3,6, 
21-04-20,53,31,14,5, , 
22-04-20,68,34,18,4, , 
23-04-20,70,31,18,8, , 
24-04-20,72,34,10,8, , 
25-04-20,75,47,29,13, , 
26-04-20,90,52,20,13, , 
27-04-20,114,46,33,7, , 
28-04-20,97,51,23,9, , 
29-04-20,108,40,18,7, , 
30-04-20,87,30,16,4, , 
01-05-20,62,33,12,2, , 
02-05-20,60,27,10,1, , 
03-05-20,58,30,15,3, , 
04-05-20,68,32,16,5, , 
05-05-20,70,28,11,3, , 
06-05-20,65,24,10,2, , 
07-05-20,56,25,5,3, , 
08-05-20,52,17,7,3, , 
09-05-20,37,16,8,4, , 
10-05-20,34,25,5,4, , 
11-05-20,49,37,22,7, , 
12-05-20,76,23,11,3, , 
13-05-20,57,25,12,3, , 
14-05-20,54,22,9,3, , 
15-05-20,53,24,9,2, , 
16-05-20,58,23,9,3, , 
17-05-20,57,25,10,4, , 
18-05-20,55,20,9,4, , 
19-05-20,49,24,9,3, , 
20-05-20,56,28,10,3, , 
21-05-20,61,40,17,5, , 
22-05-20,85,47,11,5, , 
23-05-20,85,46,9,5, , 
24-05-20,87,39,6,7, , 
25-05-20,91,39,10,8, , 
26-05-20,92,24,10,7, , 
27-05-20,53,23,12,6, , 
28-05-20,50,26,15,7, , 
29-05-20,54,18,10,6, , 
30-05-20,42,18,8,4, , 
31-05-20,47,23,11,4, , 
01-06-20,48,18,9,3, , 
02-06-20,43,20,8,5, , 
03-06-20,48,24,9,7, , 
04-06-20,53,22,4,7, , 
05-06-20,48,20,8,5, , 
06-06-20,39,17,7,4, , 
07-06-20,32,16,6,4, , 
08-06-20,34,21,4,5, , 
09-06-20,45,18,5,5, , 
10-06-20,40,23,12,6, , 
11-06-20,54,22,13,7, , 
12-06-20,46,21,16,5, , 
13-06-20,47,21,13,4, , 
14-06-20,52,18,5,5, , 
15-06-20,42,17,6,5, , 
16-06-20,42,21,4,7, , 
17-06-20,49,25,8,9, , 
18-06-20,61,23,6,7, , 
19-06-20,59,23,13,6, , 
20-06-20,52,22,15,5, , 
21-06-20,52,26,8,8, , 
22-06-20,60,25,16,9, , 
23-06-20,60,26,15,7, , 
24-06-20,61,25,12,7, , 
25-06-20,54,20,7,6, , 
26-06-20,48,22,12,8, , 
27-06-20,54,19,11,6, , 
28-06-20,50,21,11,5, , 
29-06-20,48,20,9,7, , 
30-06-20,48,21,8,5, , 
01-01-20,74,46,11,15,1, 
02-01-20,93,52,12,18,1, 
03-01-20,102,56,16,18, , 
04-01-20,121,61,15,17, , 
05-01-20,130,66,14,27,1, 
06-01-20,135,69,15,22,1, 
07-01-20,139,71,13,22,1, 
08-01-20,149,70,18,21,1, 
09-01-20,140,93,13,30,2, 
10-01-20,180,64,16,14,1, 
11-01-20,138,56,15,10,2, 
12-01-20,120,56,12,12, , 
13-01-20,116,56,11,12, , 
14-01-20,112,61,13,15, , 
15-01-20,122,67,15,13, , 
16-01-20,127,70,19,15, , 
17-01-20,143,74,12,11,1, 
18-01-20,162,72,18,11, , 
19-01-20,159,76,17,16, , 
20-01-20,163,67,16,14, , 
21-01-20,147,63,12,16, , 
22-01-20,124,58,9,10, , 
23-01-20,115,48,7,8, , 
24-01-20,84,39,10,5, , 
25-01-20,69,33,7,7, , 
26-01-20,62,40,10,10,1, 
27-01-20,81,47,13,12,1, 
28-01-20,101,49,20,16, , 
29-01-20,104,56,21,15,1, 
30-01-20,110,68,19,13, , 
31-01-20,138,88,27,17, , 
01-02-20,161,85,25,14,1, 
02-02-20,162,80,22,13, , 
03-02-20,159,71,17,10,1, 
04-02-20,145,58,17,10, , 
05-02-20,109,48,14,8, , 
06-02-20,91,59,18,13, , 
07-02-20,108,59,22,11,1, 
08-02-20,118,72,16,14, , 
09-02-20,138,75,19,13, , 
10-02-20,138,71,22,15,1, 
11-02-20,154,58,13,9,1, 
12-02-20,126,32,7,5, , 
13-02-20,58,29,6,5, , 
14-02-20,55,37,10,8, , 
15-02-20,75,26,8,7, , 
16-02-20,58,38,13,10, , 
17-02-20,73,62,15,11,1, 
18-02-20,118,81,21,17,1, 
19-02-20,149,86,18,19,1, 
20-02-20,167,79,18,14, , 
21-02-20,154,82,17,13,1, 
22-02-20,150,80,21,14,1, 
23-02-20,151,87,21,19,1, 
24-02-20,166,89,25,13,1, 
25-02-20,164,73,20,10,1, 
26-02-20,145,75,11,17,1, 
27-02-20,140,50,13,9, , 
28-02-20,104,49,12,9, , 
29-02-20,96,51,13,6, , 
01-03-20,91,47,12,6, , 
02-03-20,91,33,9,4, , 
03-03-20,66,29,4,5,1, 
04-03-20,56,31,5,6, , 
05-03-20,63,30,5,5, , 
06-03-20,61,32,4,6, , 
07-03-20,63,39,12,4, , 
08-03-20,75,56,24,10, , 
09-03-20,119,49,14,9, , 
10-03-20,107,54,14,10,1, 
11-03-20,111,44,8,6, , 
12-03-20,94,37,6,5, , 
13-03-20,80,35,7,5, , 
14-03-20,72,37,5,9, , 
15-03-20,81,57,12,15, , 
16-03-20,109,46,13,4, , 
17-03-20,79,44,9,5, , 
18-03-20,84,40,11,5, , 
19-03-20,75,36,11,5, , 
20-03-20,75,35,13,5, , 
21-03-20,79,29,13,5, , 
22-03-20,69,30,12,7,1, 
23-03-20,65,28,9,6, , 
24-03-20,61,31,9,4, , 
25-03-20,70,25,8,4, , 
26-03-20,59,27,7,4, , 
27-03-20,59,37,11,4, , 
28-03-20,81,30,10,3, , 
29-03-20,72, , , , , 
01-10-19,106,37,17,13,1, 
02-10-19,85,36,12,12,2, 
03-10-19,78,45,6,17,1, 
04-10-19,93,45,8,10,1, 
05-10-19,90,33,10,15,2, 
06-10-19,82,29,10,13,1, 
07-10-19,72,34,11,17, , 
08-10-19,72,26,9,18,1, 
09-10-19,83,34,15,20,1, 
10-10-19,101,41,14,20,2, 
11-10-19,96,37,14,19,2, 
12-10-19,88,23,5,11,2, 
13-10-19,79,19,9,11,4, 
14-10-19,65,31,9,12,2, 
15-10-19,73,42,6,17,3, 
16-10-19,73,46,10,19,1, 
17-10-19,75,44,17,22,2, 
18-10-19,75,46,18,17,2, 
19-10-19,83,46,15,15,1, 
20-10-19,82,50,23,15,1, 
21-10-19,92,69,27,22,1, 
22-10-19,148,46,19,8,1, 
23-10-19,94,36,12,8,1, 
24-10-19,80,42,18,12,1, 
25-10-19,84,44,16,13,2, 
26-10-19,90,32,15,10,3, 
27-10-19,68,34,18,12,1, 
28-10-19,73,37,13,15,1, 
29-10-19,79,40,19,13,1, 
30-10-19,78,48,21,15,1, 
31-10-19,86,30,12,11,1, 
01-11-19,62,36,8,14,1, 
02-11-19,75,39,14,11,1, 
03-11-19,85,41,22,14,2, 
04-11-19,81,58,24,18, , 
05-11-19,110,59,19,19,1, 
06-11-19,122,61,15,18,1, 
07-11-19,127,61,22,14,2, 
08-11-19,120,60,22,12,1, 
09-11-19,132,61,21,17, , 
10-11-19,128,69,25,27,1, 
11-11-19,131,62,13,24,1, 
12-11-19,137,54,13,16,1, 
13-11-19,113,41,6,15,1, 
14-11-19,81,46,16,15,1, 
15-11-19,88,54,20,18,1, 
16-11-19,109,56,27,16,1, 
17-11-19,113,55,15,20,3, 
18-11-19,99,51,16,16, , 
19-11-19,88,40,13,12, , 
20-11-19,78,41,18,13,1, 
21-11-19,85,44,16,17,1, 
22-11-19,87,51,18,23,2, 
23-11-19,107,49,20,20,2, 
24-11-19,99,55,15,21,1, 
25-11-19,111,46,15,19,2, 
26-11-19,90,47,10,18,1, 
27-11-19,87,38,10,10,3, 
28-11-19,72,35,17,12,1, 
29-11-19,74,36,8,16,1, 
30-11-19,73,39,14,15,2, 
01-12-19,79,36,11,12,1, 
02-12-19,66,44,15,12,2, 
03-12-19,84,51,20,9,1, 
04-12-19,104,51,24,7,2, 
05-12-19,107,60,23,15,2, 
06-12-19,119,58,21,14,4, 
07-12-19,103,68,23,21,4, 
08-12-19,134,64,17,16,3, 
09-12-19,129,68,22,23,1, 
10-12-19,137,74,18,32,1, 
11-12-19,149,67,16,27,1, 
12-12-19,138,68,16,20,1, 
13-12-19,142,63,13,17,1, 
14-12-19,128,67,3,20,1, 
15-12-19,123,61,14,21,1, 
16-12-19,113,59,12,24,1, 
17-12-19,115,60,14,21,1, 
18-12-19,116,59,16,20,1, 
19-12-19,117,57,13,18,1, 
20-12-19,114,57,15,18,1, 
21-12-19,113,50,13,16,2, 
22-12-19,99,50,14,16,1, 
23-12-19,97,52,15,13,1, 
24-12-19,103,54,15,16,1, 
25-12-19,108,51,14,15,1, 
26-12-19,102,57,14,15,1, 
27-12-19,119,57,15,14,1, 
28-12-19,115,59,17,15,1, 
29-12-19,127, , , , , 
01-07-19,66,43,5,9,1, 
02-07-19,76,43,3,10,1, 
03-07-19,71,63,3,9,1, 
04-07-19,69,33,4,10,1, 
05-07-19,66,43,1,9,1, 
06-07-19,74,37,3,7, , 
07-07-19,61,35,7,8,1, 
08-07-19,62,35,8,8,3, 
09-07-19,67,43,9,8,1, 
10-07-19,71,59,10,7,2, 
11-07-19,81,39,11,5,1, 
12-07-19,66,34,10,6,1, 
13-07-19,61,26,4,4,1, 
14-07-19,49,24,5,6,1, 
15-07-19,50,22,12,6,1, 
16-07-19,43,24,10,7,1, 
17-07-19,51,22,13,7,1, 
18-07-19,53,24,11,7,1, 
19-07-19,54,27,13,9,1, 
20-07-19,61,17,6,7,1, 
21-07-19,54,27,5,10,1, 
22-07-19,67,28,3,8,1, 
23-07-19,66,39,2,8,1, 
24-07-19,65,27,3,8,1, 
25-07-19,87,34,15,9,1, 
26-07-19,65,28,10,10,1, 
27-07-19,50,33,11,7,1, 
28-07-19,55,20,6,6,1, 
29-07-19,39,25,7,7,1, 
30-07-19,57,27,8,5,1, 
31-07-19,57,25,6,6, , 
01-08-19,49,24,7,8,1, 
02-08-19,49,23,5,7,1, 
03-08-19,51,18,6,7,1, 
04-08-19,45,22,6,8,1, 
05-08-19,47,24,7,8,1, 
06-08-19,54,25,6,8, , 
07-08-19,54,23,4,7,1, 
08-08-19,60,25,6,8,1, 
09-08-19,64,18,5,6,1, 
10-08-19,48,18,6,4,1, 
11-08-19,42,18,7,4,1, 
12-08-19,46,24,5,7,1, 
13-08-19,56,33,7,8,1, 
14-08-19,67,32,10,6,1, 
15-08-19,67,32,9,7,1, 
16-08-19,70,22,5,6,1, 
17-08-19,47,20,8,5,1, 
18-08-19,41,27,10,8,1, 
19-08-19,52,26,5,8,1, 
20-08-19,55,23,8,9, , 
21-08-19,43,25,5,7,1, 
22-08-19,50,25,2,8, , 
23-08-19,52,24,6,8,1, 
24-08-19,46,20,7,5,1, 
25-08-19,40,18,4,7,1, 
26-08-19,34,24,5,8, , 
27-08-19,46,22,8,8,1, 
28-08-19,41,21,6,9,1, 
29-08-19,46,25,3,9,1, 
30-08-19,46,21,6,7,1, 
31-08-19,47,18,4,6,1, 
01-09-19,37,25,4,8,1, 
02-09-19,51,23,2,9, , 
03-09-19,53,26,3,9,1, 
04-09-19,52,27,3,9,1, 
05-09-19,58,28,7,9,1, 
06-09-19,66,31,3,8,3, 
07-09-19,60,26,6,7,4, 
08-09-19,57,29,5,8,2, 
09-09-19,57,26,3,8,1, 
10-09-19,55,30,9,12,2, 
11-09-19,59,29,4,10,3, 
12-09-19,56,20,5,7,3, 
13-09-19,42,24,5,10,1, 
14-09-19,55,31,9,11,4, 
15-09-19,63,28,7,14,2, 
16-09-19,65,35,12,13,3, 
17-09-19,76,31,13,17,2, 
18-09-19,66,33,11,19,3, 
19-09-19,74,33,15,14,3, 
20-09-19,77,26,4,8,5, 
21-09-19,58,33,10,6,3, 
22-09-19,78,25,7,4,2, 
23-09-19,62,41,16,7,1, 
24-09-19,89,59,18,13,1, 
25-09-19,116,59,20,22,1, 
26-09-19,110,49,16,19,1, 
27-09-19,102,62,24,20,2, 
28-09-19,131,66,32,20,1, 
29-09-19,141,77,30,18,2, 
30-09-19,171,48,14,11,1, 
01-04-19,79,39,16,11, , 
02-04-19,77,36,9,10, , 
03-04-19,78,37,9,10, , 
04-04-19,71,27,9,6, , 
05-04-19,63,35,14,7,1, 
06-04-19,77,28,11,4,1, 
07-04-19,64,35,19,7, , 
08-04-19,75,27,11,3, , 
09-04-19,62,31,11,5, , 
10-04-19,67,32,8,5, , 
11-04-19,67,32,11,6, , 
12-04-19,69,28,11,5, , 
13-04-19,67,24,9,4, , 
14-04-19,59,20,7,4, , 
15-04-19,58,21,9,4, , 
16-04-19,59,29,6,5,1, 
17-04-19,68,32,11,4, , 
18-04-19,70,33,9,5, , 
19-04-19,73,48,23,8,1, 
20-04-19,99,55,11,5,1, 
21-04-19,105,34,10,5,1, 
22-04-19,76,39,20,11,1, 
23-04-19,75,37,22,9,1, 
24-04-19,75,39,22,9, , 
25-04-19,82,46,17,13, , 
26-04-19,94,49,9,10, , 
27-04-19,97,26,8,6, , 
28-04-19,69,24,10,7, , 
29-04-19,59,27,8,6, , 
30-04-19,56,28,14,11, , 
01-05-19,51,25,13,11, , 
02-05-19,52,28,14,9,2, 
03-05-19,61,25,12,6,1, 
04-05-19,56,31,6,5, , 
05-05-19,50,47,16,5, , 
06-05-19,79,60,15,10, , 
07-05-19,98,61,16,11, , 
08-05-19,107,61,16,8,1, 
09-05-19,106,55,17,12, , 
10-05-19,97,54,17,9, , 
11-05-19,98,55,15,10, , 
12-05-19,104,39,12,14,1, 
13-05-19,80,43,8,13, , 
14-05-19,89,55,13,9,1, 
15-05-19,109,51,10,10, , 
16-05-19,98,49,11,11,1, 
17-05-19,88,58,13,10,1, 
18-05-19,95,53,15,6, , 
19-05-19,84,42,15,5, , 
20-05-19,85,43,11,8,1, 
21-05-19,82,38,10,12, , 
22-05-19,72,34,8,11,1, 
23-05-19,68,35,13,9, , 
24-05-19,71,40,11,8,1, 
25-05-19,75,32,11,6,1, 
26-05-19,66,38,5,9,1, 
27-05-19,79,41,4,7,1, 
28-05-19,76,23,7,9,1, 
29-05-19,50,24,3,10,1, 
30-05-19,51,30,8,9,1, 
31-05-19,61,28,10,8,1, 
01-06-19,55,26,7,7, , 
02-06-19,56,33,9,8, , 
03-06-19,64,30,19,9,1, 
04-06-19,62,45,6,8, , 
05-06-19,59,36,8,16, , 
06-06-19,71,36,11,16,1, 
07-06-19,75,37,12,9,1, 
08-06-19,68,28,8,7, , 
09-06-19,57,25,7,6, , 
10-06-19,48,25,3,10,1,10
11-06-19,58,23,6,5,1, 
12-06-19,49,23,7,5, , 
13-06-19,51,24,9,4,1, 
14-06-19,49,27,12,5,1, 
15-06-19,53,30,6,7, , 
16-06-19,58,31,5,6, , 
17-06-19,48,21,5,6, , 
18-06-19,44,20,6,6,1, 
19-06-19,44,34,2,10, , 
20-06-19,63,37,2,6, , 
21-06-19,68,32,1,3, , 
22-06-19,64,29,1,3, , 
23-06-19,66,25,3,4, , 
24-06-19,60,26,3,9, , 
25-06-19,53,24,8,7, , 
26-06-19,63,27,4,9,1, 
27-06-19,62,31,6,7, , 
28-06-19,63,25,7,6, , 
29-06-19,51,21,7,6, , 
30-06-19,52,32,6,10,1, 
01-01-19,81,40,22,18, , 
02-01-19,88,48,13,20, , 
03-01-19,90,55,13,24,1, 
04-01-19,103,62,4,24,1, 
05-01-19,117,76,20,20,1, 
06-01-19,159,74,21,19, , 
07-01-19,160,47,11,11, , 
08-01-19,90,49,10,20, , 
09-01-19,92,59,22,23,1, 
10-01-19,121,85,22,30,1, 
11-01-19,172,73,23,22,1, 
12-01-19,153,76,23,22,1, 
13-01-19,152,78,23,19,1, 
14-01-19,162,67,17,21,1, 
15-01-19,146,63,20,20,1, 
16-01-19,124,67,22,18, , 
17-01-19,136,58,20,16,1, 
18-01-19,112,70,29,20,1, 
19-01-19,143,62,32,26,1, 
20-01-19,124,74,29,30,1, 
21-01-19,158,65,23,19, , 
22-01-19,132,64,27,22, , 
23-01-19,134,60,26,24, , 
24-01-19,136,79,33,30,1, 
25-01-19,163,73,28,24,1, 
26-01-19,146,62,27,17, , 
27-01-19,135,73,34,28, , 
28-01-19,157,82,31,38, , 
29-01-19,165,94,34,38,1, 
30-01-19,177,79,24,21, , 
31-01-19,167,61,23,14, , 
01-02-19,128,57,25,12, , 
02-02-19,115,44,17,9, , 
03-02-19,94,50,20,10,1, 
04-02-19,99,48,19,9, , 
05-02-19,95,38,11,7, , 
06-02-19,77,41,15,8,1, 
07-02-19,87,43,17,9,1, 
08-02-19,86,36,11,8, , 
09-02-19,73,40,14,6, , 
10-02-19,80,41,13,8, , 
11-02-19,87,50,19,19, , 
12-02-19,101,72,34,16, , 
13-02-19,143,50,16,7, , 
14-02-19,90,50,16,8, , 
15-02-19,92,43,15,6,1, 
16-02-19,82,36,14,5, , 
17-02-19,69,31,12,6,1, 
18-02-19,66,26,11,6, , 
19-02-19,56,26,12,7,1, 
20-02-19,60,34,15,8,1, 
21-02-19,74,31,9,7, , 
22-02-19,63,37,15,7, , 
23-02-19,77,38,14,5, , 
24-02-19,75,38,15,5, , 
25-02-19,77,38,17,6,1, 
26-02-19,79,50,19,8, , 
27-02-19,96,52,19,7, , 
28-02-19,104,50,14,7, , 
01-03-19,95,52,15,6, , 
02-03-19,100,47,18,4,1, 
03-03-19,93,40,14,5,1, 
04-03-19,80,46,15,7,1, 
05-03-19,98,46,15,9,1, 
06-03-19,100,29,9,6, , 
07-03-19,69,33,12,8, , 
08-03-19,76,31,12,6, , 
09-03-19,71,31,13,6,1, 
10-03-19,69,39,25,7, , 
11-03-19,75,51,35,12, , 
12-03-19,116,42,14,8, , 
13-03-19,83,34,12,6, , 
14-03-19,72,31,12,6, , 
15-03-19,64,47,8,13, , 
16-03-19,101,47,16,11,1, 
17-03-19,102,51,13,11, , 
18-03-19,109,45,12,7, , 
19-03-19,93,41,9,6, , 
20-03-19,90,36,6,8, , 
21-03-19,79,47,8,9,1, 
22-03-19,104,53,3,11, , 
23-03-19,111,44,4,5, , 
24-03-19,96,34,2,8, , 
25-03-19,83,38,5,10, , 
26-03-19,77,36,4,6, , 
27-03-19,74,41,7,8, , 
28-03-19,78,40,3,7, , 
29-03-19,80,38,4,7, , 
30-03-19,81,39,3,7, , 
31-03-19,86,38,13,8, , 
01-10-18,61,41,6,17,1, 
02-10-18,76,60,23,19, , 
03-10-18,113,58,28,15, , 
04-10-18,110,27,17,10,1, 
05-10-18,62,35,15,14,1, 
06-10-18,75,38,18,14,1, 
07-10-18,83,45,14,18,1, 
08-10-18,94,40,15,18,1, 
09-10-18,87,50,17,18,1, 
10-10-18,101,50,19,16,1, 
11-10-18,93,36,19,11, , 
12-10-18,69,46,16,18,1, 
13-10-18,101,41,23,15,1, 
14-10-18,90,32,16,13,1, 
15-10-18,73,29,10,11,1, 
16-10-18,62,33,11,13,1, 
17-10-18,70,40,12,20,1, 
18-10-18,78,53,20,25,1, 
19-10-18,97,45,5,18, , 
20-10-18,82,20,5,11, , 
21-10-18,47,31,10,14,1, 
22-10-18,61,33,10,15, , 
23-10-18,71,39,12,17,1, 
24-10-18,79,54,10,20,1, 
25-10-18,101,45,14,17,1, 
26-10-18,81,43,14,16,1, 
27-10-18,86,34,17,12,1, 
28-10-18,67,48,21,16,1, 
29-10-18,88,48,22,12, , 
30-10-18,87,57,27,11, , 
31-10-18,93,61,29,18,1, 
01-11-18,111,72,27,28,1, 
02-11-18,128,77,29,25,2, 
03-11-18,138,73,32,20,1, 
04-11-18,139,73,30,22,1, 
05-11-18,137,66,21,20,1, 
06-11-18,121,56,15,18,1, 
07-11-18,95,41,10,11,1, 
08-11-18,73,37,4,12,1, 
09-11-18,74,42,8,12,1, 
10-11-18,81,40,14,14,1, 
11-11-18,81,61,20,24,1, 
12-11-18,116,72,14,26,2, 
13-11-18,140,67,15,23,1, 
14-11-18,126,68,20,22,2, 
15-11-18,133,46,14,14,1, 
16-11-18,88,45,13,17,1, 
17-11-18,82,56,14,22,1, 
18-11-18,107,64,15,22,1, 
19-11-18,118,52,18,22,1, 
20-11-18,91,59,21,20,1, 
21-11-18,111,61,16,23,1, 
22-11-18,113,52,19,17,1, 
23-11-18,95,53,23,20,1, 
24-11-18,89,61,23,23,1, 
25-11-18,113,58,29,21,1, 
26-11-18,113,52,18,14,1, 
27-11-18,101,41,15,14,1, 
28-11-18,80,56,18,20,3, 
29-11-18,105,67,17,24,2, 
30-11-18,129,66,17,23,1, 
01-12-18,129,65,19,19,1, 
02-12-18,124,57,19,19,1, 
03-12-18,108,64,19,22,1, 
04-12-18,122,56,17,15,1, 
05-12-18,106,55,17,15,1, 
06-12-18,98,65,16,20,1, 
07-12-18,123,37,3,12,1, 
08-12-18,79,47,11,11,1, 
09-12-18,92,56,15,19,1, 
10-12-18,97,58,15,21,1, 
11-12-18,108,45,9,16,1, 
12-12-18,84,48,15,17,1, 
13-12-18,83,57,17,22,1, 
14-12-18,95,58,15,21,1, 
15-12-18,101,50,17,18,1, 
16-12-18,91,46,22,17,1, 
17-12-18,87,55,21,18,1, 
18-12-18,98,69,25,23,1, 
19-12-18,137,88,31,33,2, 
20-12-18,167,87,34,29,2, 
21-12-18,169,75,30,21,1, 
22-12-18,143,72,21,16,1, 
23-12-18,142,66,22,18,1, 
24-12-18,124,74,19,27,2, 
25-12-18,141,84,24,31,2, 
26-12-18,160,83,23,31,2, 
27-12-18,156,81,28,24,1, 
28-12-18,162,38,17,10, , 
29-12-18,97,37,17,12,1, 
30-12-18,81, , , , , 
01-07-18,54,22,8,9, , 
02-07-18,47,29,10,11, , 
03-07-18,58,21,9,8, , 
04-07-18,52,24,11,10, , 
05-07-18,52,27,9,10, , 
06-07-18,59,34,10,11, , 
07-07-18,67,51,9,10, , 
08-07-18,77,42,10,9, , 
09-07-18,69,42,9,12, , 
10-07-18,78,28,8,10, , 
11-07-18,56,25,10,11, , 
12-07-18,59,25,11,9, , 
13-07-18,59,34,10,11,1, 
14-07-18,73,34,9,9, , 
15-07-18,67,37,9,9, , 
16-07-18,69,36,5,11, , 
17-07-18,68,24,10,9, , 
18-07-18,49,28,8,8,1, 
19-07-18,52,35,6,7,2, 
20-07-18,58,39,8,9, , 
21-07-18,64,35,8,8, , 
22-07-18,64,43,8,10, , 
23-07-18,71,44,8,10, , 
24-07-18,79,46,6,8, , 
25-07-18,76,41,6,9, , 
26-07-18,69,42,8,7, , 
27-07-18,72,34,8,6, , 
28-07-18,63,35,5,7, , 
29-07-18,68,36,4,8, , 
30-07-18,67,39,8,10, , 
31-07-18,70,35,11,9, , 
01-08-18,69,37,9,10, , 
02-08-18,68,35,11,9, , 
03-08-18,66,32,11,8, , 
04-08-18,57,30,11,7, , 
05-08-18,57,29,6,10, , 
06-08-18,62,41,5,10, , 
07-08-18,70,44,9,11,2, 
08-08-18,77,40,9,10, , 
09-08-18,67,31,13,9, , 
10-08-18,64,25,8,7, , 
11-08-18,52,22,9,6, , 
12-08-18,48,31,6,4, , 
13-08-18,59,31,9,6, , 
14-08-18,56,28,7,7, , 
15-08-18,54,30,8,8, , 
16-08-18,59,23,8,8, , 
17-08-18,52,20,9,6, , 
18-08-18,38,19,10,5, , 
19-08-18,39,28,7,6, , 
20-08-18,54,49,9,8,1, 
21-08-18,76,42,11,9, , 
22-08-18,74,44,10,8, , 
23-08-18,76,32,8,9, , 
24-08-18,64,24,6,8, , 
25-08-18,56,23,5,6, , 
26-08-18,54,25,7,7, , 
27-08-18,54,35,10,8, , 
28-08-18,68,41,8,7,1, 
29-08-18,77,24,7,6, , 
30-08-18,50,27,8,7, , 
31-08-18,54,29,13,8, , 
01-09-18,63,32,10,7, , 
02-09-18,59,25,14,9, , 
03-09-18,55,20,9,8, , 
04-09-18,47,28,11,9, , 
05-09-18,56,35,9,9, , 
06-09-18,62,41,14,10, , 
07-09-18,75,41,10,11, , 
08-09-18,80,46,14,16, , 
09-09-18,98,49,23,16, , 
10-09-18,100,35,12,10, , 
11-09-18,63,40,7,10, , 
12-09-18,71,39,9,9, , 
13-09-18,68,31,5,9, , 
14-09-18,62,29,22,10, , 
15-09-18,57,30,19,12, , 
16-09-18,59,30,13,11, , 
17-09-18,57,21,15,8, , 
18-09-18,49,27,4,10, , 
19-09-18,59,43,20,14, , 
20-09-18,80,53,17,17, , 
21-09-18,89,39,20,14, , 
22-09-18,82,31,12,13,1, 
23-09-18,73,41,3,14, , 
24-09-18,76,39,15,12, , 
25-09-18,69,27,15,10,1, 
26-09-18,57,27,12,11, , 
27-09-18,50,37,16,16,1, 
28-09-18,66,45,22,15, , 
29-09-18,89,24,20,12, , 
30-09-18,57,27,13,13, , 
01-04-18,124,58,16,17, , 
02-04-18,123,55,30,17, , 
03-04-18,120,47,14,10, , 
04-04-18,91,55,16,11, , 
05-04-18,97,60,28,13, , 
06-04-18,123,30,15,9, , 
07-04-18,65,45,25,14, , 
08-04-18,83,69,28,22,1, 
09-04-18,121,73,39,24,2, 
10-04-18,141,48,23,9,1, 
11-04-18,90,36,16,6, , 
12-04-18,67,31,14,5,1, 
13-04-18,66,30,14,4, , 
14-04-18,68,29,14,5,1, 
15-04-18,66,36,27,8,1, 
16-04-18,81,28,11,11, , 
17-04-18,62,44,37,16,1, 
18-04-18,87,33,22,10,1, 
19-04-18,73,33,13,7,1, 
20-04-18,67,34,15,7,1, 
21-04-18,72,29,13,5,1, 
22-04-18,63,42,28,9,1, 
23-04-18,83,36,14,7,1, 
24-04-18,75,45,14,10,1, 
25-04-18,84,38,10,11,1, 
26-04-18,74,36,22,16,1, 
27-04-18,74,27,4,17,1, 
28-04-18,64,36,16,12,1, 
29-04-18,76,28,3,11,1, 
30-04-18,63,19,12,9,1, 
01-05-18,47,25,10,10, , 
02-05-18,46,36,12,14,1, 
03-05-18,64,36,19,14,2, 
04-05-18,69,27,14,11,1, 
05-05-18,56,25,9,9, , 
06-05-18,54,31,18,12, , 
07-05-18,64,38,27,15, , 
08-05-18,67,34,11,13, , 
09-05-18,62,30,18,11, , 
10-05-18,58,33,9,19, , 
11-05-18,65,46,18,19, , 
12-05-18,88,37,18,15, , 
13-05-18,77,34,18,18, , 
14-05-18,68,44,16,21,1, 
15-05-18,83,29,13,12, , 
16-05-18,61,24,11,10, , 
17-05-18,56,32,8,14, , 
18-05-18,62,29,15,16, , 
19-05-18,66,40,24,17, , 
20-05-18,83,39,8,19, , 
21-05-18,75,40,8,20, , 
22-05-18,79,38,23,21, , 
23-05-18,73,26,8,14, , 
24-05-18,49,26,12,14, , 
25-05-18,54,28,7,15,1, 
26-05-18,58,27,17,11, , 
27-05-18,62,38,19,18, , 
28-05-18,75,23,9,9, , 
29-05-18,50,26,9,11, , 
30-05-18,54,39,12,17, , 
31-05-18,72,32,10,13,2, 
01-06-18,63,30,14,13,1, 
02-06-18,60,26,15,9,1, 
03-06-18,52,24,17,10,1, 
04-06-18,52,24,13,10,2, 
05-06-18,47,29,14,11,1, 
06-06-18,60,25,8,10,1, 
07-06-18,54,22,8,9,2, 
08-06-18,48,23,5,8,2, 
09-06-18,52,25,5,6,2, 
10-06-18,48,26,5,6,3, 
11-06-18,48,24,7,6,1, 
12-06-18,43,26,7,6, , 
13-06-18,47,27,8,8, , 
14-06-18,52,29,8,8, , 
15-06-18,60,32,7,10,1, 
16-06-18,62,30,15,8, , 
17-06-18,60,35,14,11,4, 
18-06-18,71,40,15,10, , 
19-06-18,78,27,12,8, , 
20-06-18,57,31,9,8,1, 
21-06-18,60,49,17,11,1, 
22-06-18,75,54,14,8,1, 
23-06-18,76,42,13,8, , 
24-06-18,67,25,11,11,1, 
25-06-18,51,30,5,10,1, 
26-06-18,62,32,2,11,1, 
27-06-18,64,31,10,13, , 
28-06-18,65,38,20,14,1, 
29-06-18,72,28,10,9,1, 
30-06-18,57,23,16,10, , 
01-01-18,94,43,25,13, , 
02-01-18,103,56,21,19,1, 
03-01-18,129,63,27,20,1, 
04-01-18,132,70,34,26,1, 
05-01-18,145,66,28,23,2, 
06-01-18,136,29,11,10, , 
07-01-18,70,27,9,11,2, 
08-01-18,61,34,14,15, , 
09-01-18,72,23,8,12, , 
10-01-18,66,58,11,18, , 
11-01-18,107,59,18,19,1, 
12-01-18,122,65,19,21, , 
13-01-18,136,65,23,20,1, 
14-01-18,134,75,22,23,1, 
15-01-18,153,82,28,31,2, 
16-01-18,160,96,35,32,2, 
17-01-18,174,78,25,25,2, 
18-01-18,148,77,23,26,1, 
19-01-18,140,74,21,22,2, 
20-01-18,143,89,25,32,2, 
21-01-18,167,93,23,31,2, 
22-01-18,183,79,19,28,2, 
23-01-18,166,75,9,23,1, 
24-01-18,172,49,8,14,2, 
25-01-18,101,33,11,12, , 
26-01-18,76,28,7,9,1, 
27-01-18,73,29,6,9, , 
28-01-18,70,32,9,10, , 
29-01-18,75,31,10,9, , 
30-01-18,77,31,7,11, , 
31-01-18,82,52,24,13, , 
01-02-18,114,64,23,15, , 
02-02-18,148,70,15,18, , 
03-02-18,145,73,29,17, , 
04-02-18,160,74,29,18,1, 
05-02-18,163,69,30,15,1, 
06-02-18,153,88,38,26,1, 
07-02-18,173,85,34,23,2, 
08-02-18,170,67,22,15,3, 
09-02-18,143,62,23,13,4, 
10-02-18,138,63,20,16,5, 
11-02-18,141,71,26,14,4, 
12-02-18,153,66,30,16,3, 
13-02-18,145,89,40,37,5, 
14-02-18,170,75,31,19,6, 
15-02-18,156,63,17,14,4, 
16-02-18,141,60,14,13, , 
17-02-18,137,55,16,7,1, 
18-02-18,124,51,9,10,1, 
19-02-18,110,26,7,7,1, 
20-02-18,61,34,9,8,1, 
21-02-18,76,43,13,8,3, 
22-02-18,86,44,14,15,3, 
23-02-18,101,58,20,19,3, 
24-02-18,122,58,17,20,4, 
25-02-18,112,57,23,16,6, 
26-02-18,131,49,13,15,6, 
27-02-18,99,60,22,19,7, 
28-02-18,120,45,15,9,8, 
01-03-18,87,41,11,8,9, 
02-03-18,83,29,10,7,11, 
03-03-18,64,27,11,7,13, 
04-03-18,61,28,12,8,15, 
05-03-18,55,29,14,9,19, 
06-03-18,62,31,9,8,23, 
07-03-18,65,44,13,12,31, 
08-03-18,87,42,7,12,51, 
09-03-18,96,65,17,20,42, 
10-03-18,127,75,31,21,38, 
11-03-18,156,89,29,26,64, 
12-03-18,167,58,20,12,22, 
13-03-18,124,48,13,9, , 
14-03-18,95,42,13,9, , 
15-03-18,89,42,10,9, , 
16-03-18,88,30,12,7, , 
17-03-18,74,24,11,6, , 
18-03-18,68,26,10,7, , 
19-03-18,66,37,19,9, , 
20-03-18,83,41,14,12, , 
21-03-18,86,48,19,15, , 
22-03-18,112,60,24,14, , 
23-03-18,138,67,26,18, , 
24-03-18,143,58,19,12, , 
25-03-18,124,56,15,10, , 
26-03-18,101,58,18,17, , 
27-03-18,123,51,13,9, , 
28-03-18,101,46,12,9, , 
29-03-18,91,54,13,9, , 
30-03-18,95,52,9,13, , 
31-03-18,102,60,11,17, , 
01-10-17,108,34,3,16, , 
02-10-17,85,32,5,15, , 
03-10-17,78,30,6,11,1, 
04-10-17,71,31,7,12,1, 
05-10-17,73,40,7,12,1, 
06-10-17,76, , , , , 
08-10-17,85,31,16,13, , 
09-10-17,70,42,12,19,1, 
10-10-17,89,35,7,14,1, 
11-10-17,79,53,11,24,1, 
12-10-17,116,62,9,22,1, 
13-10-17,140,37,12,16, , 
14-10-17,88,31,10,9,1, 
15-10-17,71,28,10,11,1, 
16-10-17,62,35,9,12,1, 
17-10-17,68,35,5,17,1, 
18-10-17,81,32,7,13,1, 
19-10-17,79,26,11,11, , 
20-10-17,69,48,10,16,1, 
21-10-17,110,33,16,14, , 
22-10-17,98,22,16,10, , 
23-10-17,66,23,14,15, , 
24-10-17,70,35,17,17,1, 
25-10-17,86,45,21,19,1, 
26-10-17,107,50,21,25,1, 
27-10-17,130,51,23,14,1, 
28-10-17,119,57,22,11, , 
29-10-17,149,59,25,11,1, 
30-10-17,139,58,28,15, , 
31-10-17,133,61,21,18,1, 
01-11-17,147,58,24,19,1, 
02-11-17,118,59,27,19, , 
03-11-17,116,67,28,19,1, 
04-11-17,135,53,22,9,1, 
05-11-17,95,63,20,17,1, 
06-11-17,132,52,24,14,1, 
07-11-17,115,52,17,20,1, 
08-11-17,113,44,18,18,1, 
09-11-17,94,44,14,16,1, 
10-11-17,94,35,6,13,1, 
11-11-17,76,37,18,13,1, 
12-11-17,87,47,18,17,2, 
13-11-17,100,48,18,21,2, 
14-11-17,115,43,17,21,1, 
15-11-17,115,34,8,15,1, 
16-11-17,80,52,10,21,1, 
17-11-17,105,66,17,24,1, 
18-11-17,139,49,13,19,1, 
19-11-17,115,29,8,15,1, 
20-11-17,77,27,11,12,1, 
21-11-17,72,34,15,16,1, 
22-11-17,88,28,17,15,1, 
23-11-17,69,33,20,14, , 
24-11-17,78,47,23,21,1, 
25-11-17,95,46,24,18,1, 
26-11-17,97,43,19,20,1, 
27-11-17,93,46,18,18,1, 
28-11-17,105,37,20,17,1, 
29-11-17,95,39,19,20,1, 
30-11-17,96,45,18,18,1, 
01-12-17,103,45,23,20,1, 
02-12-17,101,39,23,20,1, 
03-12-17,93,39,24,17,1, 
04-12-17,88,34,16,12,1, 
05-12-17,84,48,24,17,1, 
06-12-17,106,52,25,18,1, 
07-12-17,118,54,23,18,1, 
08-12-17,114,40,26,13,1, 
09-12-17,95,62,35,24,2, 
10-12-17,142,76,32,31,2, 
11-12-17,164,58,19,18,2, 
12-12-17,125,50,17,19,1, 
13-12-17,107,48,14,19,2, 
14-12-17,108,59,20,21,2, 
15-12-17,124,50,21,14,1, 
16-12-17,113,26,22,7,1, 
17-12-17,67,50,26,11,1, 
18-12-17,108,63,25,15,1, 
19-12-17,129,71,25,20,2, 
20-12-17,140,70,25,21,2, 
21-12-17,151,72,27,21,2, 
22-12-17,157,75,36,24,2, 
23-12-17,161,70,31,19,2, 
24-12-17,142,50,20,18,1, 
25-12-17,102,69,14,19,1, 
26-12-17,160,45,9,17,1, 
27-12-17,144,30,12,13, , 
28-12-17,96,33,21,12, , 
29-12-17,84,33,23,14,1, 
30-12-17,87,34,18,13, , 
31-12-17,82,35,22,12, , 
01-07-17,66,32,9,8,1, 
02-07-17,68,29,9,9, , 
03-07-17,64,32,5,8,1, 
04-07-17,66,32,7,9,1, 
05-07-17,64,29,11,9,2, 
06-07-17,66,19,7,7,1, 
07-07-17,48,24,7,9,1, 
08-07-17,65,22,13,6,1, 
09-07-17,57,28,12,11,1, 
10-07-17,65,29,11,8,1, 
11-07-17,74,24,8,10,1, 
12-07-17,71,20,6,8,1, 
13-07-17,62,25,8,9,1, 
14-07-17,68,27,14,10,1, 
15-07-17,74,21,11,7,1, 
16-07-17,65,23,8,8, , 
17-07-17,66,29,10,8,1, 
18-07-17,71,24,5,8,1, 
19-07-17,67,25,7,9,1, 
20-07-17,71,27,13,9,1, 
21-07-17,70,23,14,8, , 
22-07-17,62,24,13,7,1, 
23-07-17,65,25,10,7, , 
24-07-17,70,24,7,7,1, 
25-07-17,63,21,5,6, , 
26-07-17,63,24,10,9,1, 
27-07-17,70,23,13,8, , 
28-07-17,63,32,10,10,1, 
29-07-17,74,40,15,7, , 
30-07-17,81,46,15,7,1, 
31-07-17,80,51,17,8,1, 
01-08-17,90,40,14,9,1, 
02-08-17,78,39,5,10,1, 
03-08-17,85,34,7,8,1, 
04-08-17,70,29,6,7,1, 
05-08-17,69,30,6,8,1, 
06-08-17,69,26,7,9,1, 
07-08-17,70,27,7,10,1, 
08-08-17,67,28,12,10,1, 
09-08-17,69,28,13,10,1, 
10-08-17,70,26,9,8,1, 
11-08-17,58,19,19,7,1, 
12-08-17,54,19,22,7, , 
13-08-17,54,27,20,9, , 
14-08-17,60,22,9,8, , 
15-08-17,55,24,6,9,1, 
16-08-17,62,19,4,8, , 
17-08-17,56,31,13,11,1, 
18-08-17,72,39,11,8, , 
19-08-17,59,20,7,6, , 
20-08-17,45,16,13,6,1, 
21-08-17,53,23,16,5,2, 
22-08-17,62,27,16,6,2, 
23-08-17,63,23,10,8,3, 
24-08-17,68,19,10,8,2, 
25-08-17,58,25,9,9,1, 
26-08-17,65,22,9,7,24, 
27-08-17,55,26,13,8, , 
28-08-17,65,38,4,13,1, 
29-08-17,81,40,14,9,1, 
30-08-17,78,28,15,10,1, 
31-08-17,72,30,19,8,1, 
01-09-17,69,32,9,8,1, 
02-09-17,66,24,9,6,1, 
03-09-17,57,22,13,7, , 
04-09-17,55,23,7,8,1, 
05-09-17,53,13,1,6,1, 
06-09-17,56, , , , , 
09-09-17,76,31,4,16,1, 
10-09-17,116,43,6,16,1, 
11-09-17,120,43,7,26,1, 
12-09-17,113,43,6,26, , 
13-09-17,108,35,18,12, , 
14-09-17,77,30,17,12, , 
15-09-17,69,23,6,9, , 
16-09-17,57,16,4,7, , 
17-09-17,44,25,9,9, , 
18-09-17,58,29,12,10,1, 
19-09-17,68,38,7,15,1, 
20-09-17,76,49,30,18,1, 
21-09-17,113,36,10,20,1, 
22-09-17,82,35,9,18,1, 
23-09-17,83,31,13,13, , 
24-09-17,82,26,10,10, , 
25-09-17,58,21,8,9,1, 
26-09-17,51,28,19,15,1, 
27-09-17,71,25,15,11, , 
28-09-17,66,30,13,13,1, 
29-09-17,77,44,15,19,19, 
30-09-17,98,44,7,19,1, 
01-04-17,81,34,19,11, , 
02-04-17,92,52,26,21,1, 
03-04-17,129,57,23,21,1, 
04-04-17,140,58,21,25,1, 
05-04-17,129,44,19,15,1, 
06-04-17,107,29,13,13,2, 
07-04-17,71,23,13,8,3, 
08-04-17,56,17,10,6,5, 
09-04-17,58,17,9,6,4, 
10-04-17,56,17,7,6,3, 
11-04-17,47,12,8,5,4, 
12-04-17,38,13,12,6, , 
13-04-17,50,21,18,7, , 
14-04-17,67,20,16,6, , 
15-04-17,66,23,13,5, , 
16-04-17,62,28,14,7, , 
17-04-17,75,24,14,8, , 
18-04-17,59,18,16,6, , 
19-04-17,55,31,20,9,1, 
20-04-17,71,50,30,12,1, 
21-04-17,96,65,40,12,1, 
22-04-17,131,63,28,8, , 
23-04-17,131,61,27,9, , 
24-04-17,117,54,24,9,1, 
25-04-17,102,54,22,12,3, 
26-04-17,99,51,21,11,3, 
27-04-17,98,50,13,12,1, 
28-04-17,97,44,23,14,2, 
29-04-17,102,45,21,12,3, 
30-04-17,101,23,12,6,3, 
01-05-17,61,27,12,9,3, 
02-05-17,63,29,12,7,3, 
03-05-17,71,33,11,7,3, 
04-05-17,74,30,19,17,2, 
05-05-17,73,51,30,25,3, 
06-05-17,111,22,28,9,3, 
07-05-17,71,29,15,14,2, 
08-05-17,75,31,16,13, , 
09-05-17,69,32,14,15, , 
10-05-17,85,32,16,13, , 
11-05-17,80,32,5,16, , 
12-05-17,78,34,5,15, , 
13-05-17,83,24,9,10, , 
14-05-17,64,22,9,10, , 
15-05-17,52,23,10,12,1, 
16-05-17,62,20,5,10, , 
17-05-17,53,30,13,9, , 
18-05-17,62,40,10,13, , 
19-05-17,85,49,23,14,1, 
20-05-17,92,39,17,8,1, 
21-05-17,77,44,16,10,1, 
22-05-17,81,42,11,9, , 
23-05-17,78,34,13,13, , 
24-05-17,71,26,28,16,2, 
25-05-17,70,30,9,15, , 
26-05-17,69,32,10,20, , 
27-05-17,82,25,10,12, , 
28-05-17,67,26,7,10, , 
29-05-17,67,28,5,11, , 
30-05-17,72,30,11,13, , 
31-05-17,77,30,8,10,1, 
01-06-17,69,29,13,10, , 
02-06-17,65,19,9,7, , 
03-06-17,46,17,7,9, , 
04-06-17,52,22,8,9, , 
05-06-17,56,21,11,10, , 
06-06-17,51,25,8,12, , 
07-06-17,56,27,9,13,2, 
08-06-17,56,29,6,8, , 
09-06-17,55,35,8,8, , 
10-06-17,62,49,10,10,1, 
11-06-17,77,48,13,10,1, 
12-06-17,85,41,21,11,1, 
13-06-17,75,31,12,9,1, 
14-06-17,60,57,11,10,1, 
15-06-17,88,54,12,10, , 
16-06-17,85,45,12,9, , 
17-06-17,78,31,14,7, , 
18-06-17,63,33,12,10,1, 
19-06-17,68,33,15,12, , 
20-06-17,73,39,12,10,1, 
21-06-17,72,30,11,10, , 
22-06-17,68,23,13,9, , 
23-06-17,58,25,12,8, , 
24-06-17,59,18,12,9, , 
25-06-17,59,24,9,9, , 
26-06-17,63,25,14,10, , 
27-06-17,65,25,18,9, , 
28-06-17,60,35,14,11, , 
29-06-17,70,32,4,10,1, 
30-06-17,68,31,6,9, , 
02-01-17,85,36,12,12,1, 
03-01-17,104,40,11,12,1, 
04-01-17,109,58,13,15,1, 
05-01-17,126,52,9,13,1, 
06-01-17,120,55,12,15,1, 
07-01-17,130,52,3,14,1, 
08-01-17,138,41,3,13,1, 
09-01-17,115,49,3,18,1, 
10-01-17,153,29,7,11,1, 
11-01-17,88,27,6,9,1, 
12-01-17,74,38,17,14,1, 
13-01-17,87,52,26,16,1, 
14-01-17,114,62,28,14,1, 
15-01-17,141,47,25,13,1, 
16-01-17,113,40,13,15,1, 
17-01-17,100,48,14,16,1, 
18-01-17,109,53,22,18,1, 
19-01-17,124,49,17,13, , 
20-01-17,106,47,20,9, , 
21-01-17,102,40,19,8, , 
22-01-17,92,46,23,9, , 
23-01-17,102,57,26,15,1, 
24-01-17,121,63,26,19,1, 
25-01-17,139,46,19,15,1, 
26-01-17,104,48,22,14, , 
27-01-17,107,53,28,13,1, 
28-01-17,116,64,32,21,2, 
29-01-17,143,62,24,19,1, 
30-01-17,138,59,19,20,1, 
31-01-17,133,59,22,19, , 
01-02-17,131,61,21,15,1, 
02-02-17,137,28,9,12, , 
03-02-17,74,47,26,19,1, 
04-02-17,105,61,33,21,1, 
05-02-17,139,71,37,28,2, 
06-02-17,156,58,31,16,1, 
07-02-17,134,44,28,13,1, 
08-02-17,105,58,29,20,2, 
09-02-17,134,59,25,15,1, 
10-02-17,132,62,25,10,1, 
11-02-17,137,54,28,9, , 
12-02-17,132,61,25,11, , 
13-02-17,151,69,24,17,1, 
14-02-17,161,67,20,18,1, 
15-02-17,149,66,27,22,1, 
16-02-17,144,67,27,22,1, 
17-02-17,140,73,27,24,3, 
18-02-17,154,80,42,25,1, 
19-02-17,168,63,24,12,1, 
20-02-17,145,51,23,10,1, 
21-02-17,128,36,13,7,1, 
22-02-17,93,26,11,7, , 
23-02-17,72,24,8,7, , 
24-02-17,60,26,10,7,1, 
25-02-17,65,35,10,10,1, 
26-02-17,82,52,20,15, , 
27-02-17,109,71,23,19, , 
28-02-17,157,69,25,20,1, 
01-03-17,156,71,18,21,1, 
02-03-17,157,77,28,25,2, 
03-03-17,162,60,19,10,1, 
04-03-17,140,51,16,7,1, 
05-03-17,113,47,25,10,1, 
06-03-17,110,42,11,9,1, 
07-03-17,93,41,11,8,1, 
08-03-17,98,41,12,9, , 
09-03-17,95,32,9,8,1, 
10-03-17,78,35,11,8,1, 
11-03-17,80,38,13,8, , 
12-03-17,82,48,25,14, , 
13-03-17,106,38,10,10, , 
14-03-17,88,37,10,11,1, 
15-03-17,82,36,10,9, , 
16-03-17,83,36,10,11, , 
17-03-17,87,24,8,7, , 
18-03-17,67,21,8,6, , 
19-03-17,60,20,6,6, , 
20-03-17,62,36,22,9,1, 
21-03-17,85,38,18,8, , 
22-03-17,85,25,9,6, , 
23-03-17,68,23,8,6, , 
24-03-17,66,32,13,9,1, 
25-03-17,76,34,13,8, , 
26-03-17,81,32,7,13, , 
27-03-17,91,43,25,14, , 
28-03-17,106,40,16,16,1, 
29-03-17,100,37,17,11,3, 
30-03-17,88,19,10,7, , 
31-03-17,67,29,15,15, , 
01-10-16,50,22,8,11, , 
02-10-16,73,26,12,12,1, 
03-10-16,60,27,12,13, , 
04-10-16,66,31,8,19, , 
05-10-16,83,30,6,12, , 
06-10-16,87,24,9,9, , 
07-10-16,69,22,9,9, , 
08-10-16,65,23,10,12, , 
09-10-16,69,26,12,11, , 
10-10-16,67,39,13,16,1, 
11-10-16,87,45,14,16, , 
12-10-16,97,55,21,18,1, 
13-10-16,121,50,21,14, , 
14-10-16,115,45,19,15, , 
15-10-16,100,32,4,14, , 
16-10-16,82,41,7,18, , 
17-10-16,95,66,22,20,1, 
18-10-16,161,44,14,15, , 
19-10-16,96,27,12,12, , 
20-10-16,66,27,11,11, , 
21-10-16,74,26,11,11,1, 
22-10-16,74,27,16,9, , 
23-10-16,80,40,20,8,1, 
24-10-16,98,38,12,15, , 
25-10-16,97,36,8,11, , 
26-10-16,83,31,8,9,1, 
27-10-16,70,41,14,12, , 
28-10-16,83,36,6,12, , 
29-10-16,77,27,10,7, , 
30-10-16,76,29,9,8, , 
31-10-16,62,34,9,8, , 
01-11-16,68,25,14,7, , 
02-11-16,66,37,11,16, , 
03-11-16,89,51,21,21,1, 
04-11-16,110,68,25,19, , 
05-11-16,141,75,21,20,1, 
06-11-16,160,76,11,21, , 
07-11-16,166,35,10,12, , 
08-11-16,96,37,9,12, , 
09-11-16,109,36,11,13, , 
10-11-16,90,35,16,14, , 
11-11-16,79,45,15,18, , 
12-11-16,77,32,12,11, , 
13-11-16,68,46,15,16, , 
14-11-16,89,43,14,16, , 
15-11-16,71,36,15,15, , 
16-11-16,73,46,15,16, , 
17-11-16,92,52,16,17,1, 
18-11-16,94,46,13,15, , 
19-11-16,126,49,18,14, , 
20-11-16,113,64,15,19,1, 
21-11-16,142,58,21,13,1, 
22-11-16,134,62,22,13,1, 
23-11-16,132,35,11,14, , 
24-11-16,95,42,9,19, , 
25-11-16,103,36,15,13, , 
26-11-16,93,22,15,9, , 
27-11-16,63,26,12,10, , 
28-11-16,71,41,17,14,1, 
29-11-16,100,51,21,19,1, 
30-11-16,116,43,20,16, , 
01-12-16,87,47,20,15, , 
02-12-16,95,47,19,16,1, 
03-12-16,105,44,16,15,1, 
04-12-16,97,42,15,14, , 
05-12-16,109,41,12,13,1, 
06-12-16,113,63,16,16, , 
07-12-16,145,68,11,28,1, 
08-12-16,151,66,23,23,1, 
09-12-16,144,69,20,20,1, 
10-12-16,148,78,21,21,1, 
11-12-16,174,72,17,17,1, 
12-12-16,164,69,13,24,1, 
13-12-16,160,66,11,20,1, 
14-12-16,153,33,10,11, , 
15-12-16,85,34,9,15,1, 
16-12-16,85,47,21,20,1, 
17-12-16,114,57,23,21,1, 
18-12-16,139,61,23,23,2, 
19-12-16,143,60,18,23,2, 
20-12-16,148,63,15,30,2, 
21-12-16,159,43,10,15,1, 
22-12-16,107,40,11,12, , 
23-12-16,90,49,14,19,1, 
24-12-16,104,60,22,26,1, 
25-12-16,138,57,18,21,1, 
26-12-16,154,41,15,13, , 
27-12-16,98,39,18,11,1, 
28-12-16,92,60,17,18,1, 
29-12-16,136,57,19,15, , 
30-12-16,135,50,21,11, , 
31-12-16,116, , , , , 
30-07-16,61,19,17,15,8,6
31-07-16,68,24,25,13,7,6
01-08-16,60,20,26,14,2,6
02-08-16,68,25,21,14,7,6
03-08-16,70,26,23,16,2,6
04-08-16,66,24,22,17,3,5
05-08-16,79,35,21,20,4,6
06-08-16,72,25,28,18,2,6
07-08-16,68,16,3,19,1,5
08-08-16,59, , , , , 
09-08-16,74,25,20,14,2,6
10-08-16,92,35,22,17,4,7
11-08-16,75,37,16,13,5,6
12-08-16,63,24,17,12,2,4
13-08-16,65,25,16,13,3,4
14-08-16,68,28,15,11,2,5
15-08-16,68,29,12,15,2,6
16-08-16,68,29,18,14,2,6
17-08-16,75,40,21,13,3,5
18-08-16,85,45,17,19,4,6
19-08-16,81,42,15,18,2,6
20-08-16,73,37,20,12,3,6
21-08-16,79,43,30,15,3,6
22-08-16,72,34,20,14,2,7
23-08-16,74,34,22,16,2,10
24-08-16,78,21,25,16,2,8
25-08-16,81,25,29,19,3,11
26-08-16,74,22,29,17,3,10
27-08-16,63,19,21,11,2,7
28-08-16,66,19,27,19,2,4
29-08-16,57,23,14,12,1,2
30-08-16,53,25,7,7, , 
31-08-16,57,32,8,6,1, 
01-09-16,63,36,8,8,1, 
02-09-16,62,29,9,8,2, 
03-09-16,49,17,17,7, , 
04-09-16,49,16,13,7,1, 
05-09-16,50,18,9,8,3, 
06-09-16,54,17,14,7,1, 
07-09-16,56,21,8,8,1, 
08-09-16,62,27,13,9,1, 
09-09-16,79,35,15,12,1, 
10-09-16,62,26,14,9,1, 
11-09-16,63,27,9,8, , 
12-09-16,63,32,5,10,1, 
13-09-16,67,32,8,11,1, 
14-09-16,59,24,11,9,1, 
15-09-16,77,32,13,10,1, 
16-09-16,61,28,9,16,1, 
17-09-16,65,18,13,10,1, 
18-09-16,49,19,11,9, , 
19-09-16,60,25,14,15, , 
20-09-16,87,40,3,20,1, 
21-09-16,84,29,7,15,1, 
22-09-16,92,35,13,15, , 
23-09-16,97,37,9,18,1, 
24-09-16,88,38,18,15,1, 
25-09-16,54,20,19,10,1, 
26-09-16,52,29,18,11,1, 
27-09-16,46,21,10,11,1, 
28-09-16,54,22,18,9,1, 
29-09-16,51,22,16,9,1, 
30-09-16,49,21,15,11,1, 
31-03-20, ,31,1,2, , 
31-12-19, ,36,11,11, , 
31-12-18, ,38,25,16, , 
07-10-17, ,42,13,16,1, 
08-09-17, ,19,7,7,1, 
01-01-17, ,30,18,9, , 
01-07-16, ,23,12,16,4,7
02-07-16, ,24,14,14,5,8
03-07-16, ,34,14,14,6,8
04-07-16, ,38,25,16,8,10
05-07-16, ,38,17,18,6,10
06-07-16, ,25,11,17,7,9
07-07-16, ,20,16,12,8,6
08-07-16, ,19,24,15,4,7
09-07-16, ,20,16,15,4,6
10-07-16, ,21,15,10,5,5
11-07-16, ,32,20,17,7,6
12-07-16, ,39,26,14,2,7
13-07-16, ,35,11,16,7,10
14-07-16, ,32,25,11,4,7
15-07-16, ,34,24,9,4,5
16-07-16, ,32,31,11,3,5
17-07-16, ,24,36,13,2,5
18-07-16, ,24,32,13,2,5
19-07-16, ,18,29,11,2,5
20-07-16, ,17,30,11,3,5
21-07-16, ,15,22,10,17,5
22-07-16, ,18,25,13,9,4
23-07-16, ,18,28,11,2,4
24-07-16, ,21,19,14,8,5
25-07-16, ,31,42,25,8,9
26-07-16, ,21,28,17,2,6
27-07-16, ,18,17,17,14,8
28-07-16, ,21,28,17,5,6
29-07-16, ,22,20,18,7,7
01-04-16, ,54,35,10,3,7
02-04-16, ,40,29,8,3,6
03-04-16, ,33,31,9,11,6
04-04-16, ,36,26,9,2,5
05-04-16, ,32,40,7,2,6
06-04-16, ,37,27,7,2,7
07-04-16, ,37,30,7,1,7
08-04-16, ,32,26,5,3,7
09-04-16, ,26,34,5,2,7
10-04-16, ,31,51,7,2,9
11-04-16, ,44,49,8,3,9
12-04-16, ,54,39,6,3,8
13-04-16, ,57,43,5,2,7
14-04-16, ,58,35,3,2,8
15-04-16, ,50,36,5,2,9
16-04-16, ,47,26,4,3,8
17-04-16, ,42,21,6,3,7
18-04-16, ,38,24,6,2,7
19-04-16, ,31,20,6,4,6
20-04-16, ,24,22,8,3,7
21-04-16, ,28,39,7,3,9
22-04-16, ,37,33,4,4,8
23-04-16, ,36,38,4,5,7
24-04-16, ,33,31,4,7,9
25-04-16, ,32,34,5,6,8
26-04-16, ,29,39,6,6,9
27-04-16, ,35,32,5,6,9
28-04-16, ,38,30,7,7,10
29-04-16, ,34,24,12,6,9
30-04-16, ,25,41,16,5,7
01-05-16, ,25,27,5,6,9
02-05-16, ,17,25,8,6,8
03-05-16, ,17,22,6,8,10
04-05-16, ,16,36,6,8,8
05-05-16, ,17,30,5,8,8
06-05-16, ,20,27,6,8,10
07-05-16, ,14,24,2,7,8
08-05-16, ,13,23,5,8,28
09-05-16, ,12,21,7,6,25
10-05-16, ,14,32,10,10,10
11-05-16, ,19,35,8,9,11
12-05-16, ,30,36,9,9,10
13-05-16, ,26,81,13,9,10
14-05-16, ,25,36,8,9,10
15-05-16, ,17,17,37,17,16
16-05-16, ,39,65,25,11,8
17-05-16, ,32,40,13,2,7
18-05-16, ,20,52,12,3,7
19-05-16, ,22,43,14,2,6
20-05-16, ,17,30,10,1,4
21-05-16, ,13,26,10,1,5
22-05-16, ,11,38,16,1,6
23-05-16, ,20,47,14,4,6
24-05-16, ,22,37,14,3,6
25-05-16, ,25,43,13,3,5
26-05-16, ,23,35,13,2,6
27-05-16, ,25,38,12,2,5
28-05-16, ,26,31,11,1,5
29-05-16, ,28,26,13,1,5
30-05-16, ,35,21,14,2,6
31-05-16, ,24,7,14,3,6
01-06-16, ,24,16,13,12,5
02-06-16, ,21,16,11,1,5
03-06-16, ,18,22,16,6,5
04-06-16, ,24,31,13,2,5
05-06-16, ,23,28,15,3,5
06-06-16, ,28,31,12,5,4
07-06-16, ,23,25,13,2,6
08-06-16, ,25,20,12,2,4
09-06-16, ,23,17,11,1,5
10-06-16, ,23,16,10,6,5
11-06-16, ,25,17,9,3,4
12-06-16, ,21,17,10,2,3
13-06-16, ,19,14,10,6,4
14-06-16, ,16,12,10,5,4
15-06-16, ,16,7,14,4,12
16-06-16, ,19,8,16,5,8
17-06-16, ,19,18,20,2,7
18-06-16, ,25,30,13,3,7
19-06-16, ,27,20,21,2,8
20-06-16, ,30,25,21,1,8
21-06-16, ,25,39,18,9,6
22-06-16, ,19,15,18,4,7
23-06-16, ,23,14,13,7,6
24-06-16, ,18,18,9,4,4
25-06-16, ,16,19,13,4,6
26-06-16, ,18,15,20,7,7
27-06-16, ,25,19,15,7,6
28-06-16, ,21,22,16,3,6
29-06-16, ,18,18,19,5,6
30-06-16, ,22,10,14,5,6
04-01-16, ,60,56,29,4,12
05-01-16, ,54,50,31,3,12
06-01-16, ,58,49,23,4,11
07-01-16, ,55,19,31,3,13
08-01-16, ,51,19,15,3,9
09-01-16, ,32,32,10,2,5
10-01-16, ,26,35,17,4,7
11-01-16, ,35,31,21,3,10
12-01-16, ,37,25,17,4,8
13-01-16, ,35,23,12,3,7
14-01-16, ,33,16,9,5,7
15-01-16, ,19,15,11,3,7
16-01-16, ,23,16,9,3,8
17-01-16, ,17,22,13,3,8
18-01-16, ,23,14,13,3,7
19-01-16, ,19,19,14,3,6
20-01-16, ,23,23,16,3,7
21-01-16, ,32,28,17,5,6
22-01-16, ,31,29,15,4,6
23-01-16, ,34,21,15,7,8
24-01-16, ,29,16,21,5,7
25-01-16, ,32,34,18,5,7
26-01-16, ,44,33,22,5,8
27-01-16, ,40,50,34,6,13
28-01-16, ,51,44,37,7,10
29-01-16, ,61,37,18,6,10
30-01-16, ,46,21,10,3,8
31-01-16, ,26,33,16,5,9
01-02-16, ,34,28,19,4,10
02-02-16, ,39,41,24,6,13
03-02-16, ,44,44,32,3,14
04-02-16, ,59,45,37,2,15
05-02-16, ,60,38,19,2,14
06-02-16, ,52,50,16,3,6
07-02-16, ,62,47,29,4,9
08-02-16, ,70,52,43,4,12
09-02-16, ,75,43,52,7,13
10-02-16, ,80,41,29,5,13
11-02-16, ,61,40,19,4,12
12-02-16, ,53,26,17,3,10
13-02-16, ,39,32,14,3,7
14-02-16, ,35,34,13,3,6
15-02-16, ,32,24,14,3,6
16-02-16, ,30,49,17,3,9
17-02-16, ,49,54,15,3,9
18-02-16, ,57,37,15,3,10
19-02-16, ,53,35,13,3,9
20-02-16, ,52,38,9,2,9
21-02-16, ,46,35,9,2,6
22-02-16, ,49,37,11,3,7
23-02-16, ,49,37,13,3,7
24-02-16, ,51,45,17,3,9
25-02-16, ,53,42,18,2,10
26-02-16, ,52,52,25,3,10
27-02-16, ,59,61,33,4,14
28-02-16, ,68,62,27,3,11
29-02-16, ,66,55,29,2,9
01-03-16, ,65,74,32,6,11
02-03-16, ,80,79,32,5,11
03-03-16, ,80,47,12,2,9
04-03-16, ,60,28,8,2,8
05-03-16, ,43,29,8,2,7
06-03-16, ,39,28,9,3,9
07-03-16, ,45,30,9,2,10
08-03-16, ,40,29,9,3,7
09-03-16, ,39,29,11,2,8
10-03-16, ,40,31,11,3,7
11-03-16, ,35,27,8,2,5
12-03-16, ,36,17,6,3,5
13-03-16, ,24,22,9,5,6
14-03-16, ,26,22,9,2,6
15-03-16, ,30,29,9,4,7
16-03-16, ,40,34,10,3,6
17-03-16, ,37,27,9,4,7
18-03-16, ,40,31,9,4,5
19-03-16, ,43,31,7,4,5
20-03-16, ,41,30,9,4,6
21-03-16, ,35,34,9,3,6
22-03-16, ,42,61,12,3,8
23-03-16, ,60,96,17,3,8
24-03-16, ,66,36,12,2,5
25-03-16, ,52,61,12,4,7
26-03-16, ,56,29,16,3,6
27-03-16, ,44,58,21,3,13
28-03-16, ,61,44,18,2,10
29-03-16, ,56,40,16,2,8
30-03-16, ,54,39,11,4,8
31-03-16, ,60,39,9,2,8
01-10-15, ,27,6,27,5,14
02-10-15, ,28,7,28,5,11
03-10-15, ,25,7,19,6,13
04-10-15, ,20,7,12,4,10
05-10-15, ,18,7,14,4,11
06-10-15, ,21,19,17,5,13
07-10-15, ,26,18,13,4,10
08-10-15, ,21,5,15,5,12
09-10-15, ,21,12,15,5,11
10-10-15, ,24,15,13,5,11
11-10-15, ,20,17,16,5,10
12-10-15, ,20,22,19,6,10
13-10-15, ,26,36,17,4,9
14-10-15, ,29,34,19,5,10
15-10-15, ,31,31,23,8,14
16-10-15, ,33,36,28,7,16
17-10-15, ,39,39,18,6,10
18-10-15, ,38,32,22,7,14
19-10-15, ,42,29,18,7,14
20-10-15, ,42,34,18,11,12
21-10-15, ,31,18,29,8,20
22-10-15, ,37,31,35,7,17
23-10-15, ,52,28,20,7,13
24-10-15, ,50,45,18,4,9
25-10-15, ,40,32,19,4,10
26-10-15, ,43,23,21,4,12
27-10-15, ,39,29,22,5,12
28-10-15, ,39,24,29,4,16
29-10-15, ,39,25,21,2,14
30-10-15, ,35,24,18,5,10
31-10-15, ,29,32,16,4,11
01-11-15, ,28,25,17,4,10
02-11-15, ,29,29,22,4,12
03-11-15, ,34,40,26,5,13
04-11-15, ,43,30,29,4,12
05-11-15, ,41,25,31,7,28
06-11-15, ,45,14,18,8,37
07-11-15, ,19,16,18,3,9
08-11-15, ,30,20,23,7,11
09-11-15, ,29,19,22,5,12
10-11-15, ,35,22,18,4,10
11-11-15, ,31,23,22,5,12
12-11-15, ,31,15,32,6,13
13-11-15, ,38,14,30,7,16
14-11-15, ,38,16,25,7,13
15-11-15, ,42,15,30,6,13
16-11-15, ,39,24,18,7,9
17-11-15, ,28,30,20,5,11
18-11-15, ,32,26,26,7,10
19-11-15, ,46,18,27,5,12
20-11-15, ,39,21,24,5,13
21-11-15, ,40,28,17,7,9
22-11-15, ,37,26,22,7,11
23-11-15, ,41,28,24,4,11
24-11-15, ,44,28,17,4,10
25-11-15, ,36,29,17,5,9
26-11-15, ,32,30,14,3,10
27-11-15, ,27,31,22,7,10
28-11-15, ,36,40,23,5,10
29-11-15, ,43,34,29,4,12
30-11-15, ,49,40,20,3,12
01-12-15, ,47,31,12,3,9
02-12-15, ,27,34,17,3,9
03-12-15, ,27,29,25,3,10
04-12-15, ,37,33,22,4,9
05-12-15, ,40,30,13,4,7
06-12-15, ,38,38,19,3,8
07-12-15, ,37,41,27,4,12
08-12-15, ,45,42,31,5,14
09-12-15, ,53,76,34,5,12
10-12-15, ,62,71,20,4,10
11-12-15, ,52,26,15,3,8
12-12-15, ,26,27,15,4,9
13-12-15, ,27,59,28,6,13
14-12-15, ,51,55,38,5,15
15-12-15, ,76,35,23,2,11
16-12-15, ,51,34,12,4,9
17-12-15, ,33,34,23,2,9
18-12-15, ,43,35,33,2,10
19-12-15, ,52,43,31,3,9
20-12-15, ,56,47,26,4,10
21-12-15, ,59,35,24,3,9
22-12-15, ,58,23,30,3,13
23-12-15, ,60,40,18,4,8
24-12-15, ,46,29,16,5,10
25-12-15, ,35,37,19,4,10
26-12-15, ,40,38,22,4,10
27-12-15, ,43,31,21,3,12
28-12-15, ,50,32,22,3,12
29-12-15, ,44,32,22,2,12
30-12-15, ,46, , , , 
03-01-16, ,44,66,34,5,12
01-07-15, ,22,21,8,7,7
02-07-15, ,25,20,7,9,6
03-07-15, ,24,21,7,11,6
04-07-15, ,32,23,6,5,5
05-07-15, ,20,25,8,4,6
06-07-15, ,23,23,8,4,7
07-07-15, ,39,20,9,5,8
08-07-15, ,47,14,8,6,7
09-07-15, ,53,18,8,5,6
10-07-15, ,47,24,7,10,5
11-07-15, ,37,26,7,4,5
12-07-15, ,18,27,7,5,6
13-07-15, ,27,19,7,5,6
14-07-15, ,31,17,7,3,7
15-07-15, ,21,16,6,10,4
16-07-15, ,15,13,7,3,5
17-07-15, ,16,14,5,2,4
18-07-15, ,14,13,6,4,5
19-07-15, ,15,11,6,3,5
20-07-15, ,17,17,6,7,4
21-07-15, ,16,19,8,3,5
22-07-15, ,20,23,7,3,5
23-07-15, ,18,32,9,6,5
24-07-15, ,24,29,8,3,4
25-07-15, ,29,18,6,3,4
26-07-15, ,28,12,9,3,7
27-07-15, ,29,12,7,7,7
28-07-15, ,24,14,11,3,7
29-07-15, ,22,19,10,3,5
30-07-15, ,22,18,9,2,4
31-07-15, ,19,19,11,3,5
01-08-15, ,17,11,9,2,6
02-08-15, ,19,12,11,4,7
03-08-15, ,23,20,10,3,7
04-08-15, ,23,26,11,3,5
05-08-15, ,19,23,11,3,8
06-08-15, ,17,31,14,3,6
07-08-15, ,23,25,12,3,5
08-08-15, ,19,28,11,2,8
09-08-15, ,21,28,13,3,8
10-08-15, ,23,30,13,2,6
11-08-15, ,22,21,11,2,7
12-08-15, ,26,19,17,3,9
13-08-15, ,27,37,14,4,7
14-08-15, ,24,24,12,3,6
15-08-15, ,22,33,10,3,7
16-08-15, ,26,24,10,3,7
17-08-15, ,23,19,12,3,7
18-08-15, ,23,18,9,4,7
19-08-15, ,20,27,10,4,8
20-08-15, ,19,18,12,3,7
21-08-15, ,16,21,10,4,6
22-08-15, ,14,21,11,4,6
23-08-15, ,16,19,10,4,7
24-08-15, ,17,18,9,3,6
25-08-15, ,17,19,11,4,7
26-08-15, ,16,22,12,3,7
27-08-15, ,18,21,13,3,7
28-08-15, ,21,22,12,3,6
29-08-15, ,17,23,9,3,6
30-08-15, ,16,22,11,3,7
31-08-15, ,18,15,12,4,8
01-09-15, ,16,22,11,3,8
02-09-15, ,15,30,13,3,9
03-09-15, ,20,31,17,4,11
04-09-15, ,23,23,15,3,9
05-09-15, ,20,27,12,4,9
06-09-15, ,15,17,11,3,10
07-09-15, ,14,16,10,4,8
08-09-15, ,14,23,12,4,9
09-09-15, ,15,10,20,4,11
10-09-15, ,22,13,19,4,12
11-09-15, ,21,22,14,5,11
12-09-15, ,22,20,11,3,9
13-09-15, ,19,13,10,4,9
14-09-15, ,14,7,13,4,11
15-09-15, ,19,17,13,4,11
16-09-15, ,14,7,15,4,11
17-09-15, ,16,14,10,4,10
18-09-15, ,16,38,17,4,10
19-09-15, ,25,34,25,4,14
20-09-15, ,56,27,20,4,12
21-09-15, ,53,17,13,6,8
22-09-15, ,30,12,14,6,10
23-09-15, ,22,16,11,5,8
24-09-15, ,17,19,13,11,9
25-09-15, ,16,18,15,6,7
26-09-15, ,15,28,13,7,6
27-09-15, ,19,23,16,14,9
28-09-15, ,19,24,20,5,10
29-09-15, ,23,34,24,3,10
30-09-15, ,32,17,25,6,10
01-04-15, ,34,44,12,5,11
02-04-15, ,38,47,17,5,10
03-04-15, ,41,36,13,3,10
04-04-15, ,49,26,8,3,10
05-04-15, ,45,24,10,6,10
06-04-15, ,32,26,11,4,11
07-04-15, ,35,16,25,12,16
08-04-15, ,37,22,25,14,19
09-04-15, ,48,26,15,8,23
10-04-15, ,32,22,15,5,22
11-04-15, ,31,35,16,8,21
12-04-15, ,30,31,28,10,29
13-04-15, ,46,52,23,11,16
14-04-15, ,52,61,23,6,18
15-04-15, ,63,47,16,6,17
16-04-15, ,58,26,11,8,15
17-04-15, ,48,21,9,6,14
18-04-15, ,38,24,9,6,14
19-04-15, ,27,30,13,5,16
20-04-15, ,30,45,15,10,17
21-04-15, ,37,64,17,7,16
22-04-15, ,39,36,20,7,16
23-04-15, ,38,64,34,8,18
24-04-15, ,39,29,36,8,19
25-04-15, ,45,57,28,6,18
26-04-15, ,46,42,28,6,16
27-04-15, ,37,27,16,7,17
28-04-15, ,38,25,15,5,16
29-04-15, ,28,34,16,8,19
30-04-15, ,29,30,13,6,18
01-05-15, ,33,29,13,9,18
02-05-15, ,27,28,12,7,18
03-05-15, ,31,15,14,10,19
04-05-15, ,34,16,16,7,18
05-05-15, ,34,22,16,9,19
06-05-15, ,31,23,12,7,18
07-05-15, ,23,23,13,9,16
08-05-15, ,25,29,10,5,10
09-05-15, ,26,30,8,8,10
10-05-15, ,29,20,10,11,12
11-05-15, ,24,17,8,11,13
12-05-15, ,25,11,11,12,11
13-05-15, ,23,18,12,6,10
14-05-15, ,22,32,17,5,14
15-05-15, ,20,19,13,9,16
16-05-15, ,18,24,11,6,8
17-05-15, ,19,29,12,7,9
18-05-15, ,17,29,11,3,10
19-05-15, ,19,24,12,4,10
20-05-15, ,18,19,11,4,9
21-05-15, ,16,15,9,11,12
22-05-15, ,14,21,10,6,15
23-05-15, ,16,24,10,6,9
24-05-15, ,21,36,11,6,11
25-05-15, ,22,23,12,4,10
26-05-15, ,25,35,14,12,13
27-05-15, ,25,27,12,6,16
28-05-15, ,21,24,10,6,17
29-05-15, ,20,37,11,4,18
30-05-15, ,21,26,8,9,18
31-05-15, ,22,31,7,5,15
01-06-15, ,18,31,10,4,11
02-06-15, ,23,17,18,6,7
03-06-15, ,27,16,9,5,6
04-06-15, ,20,29,12,4,9
05-06-15, ,24,46,12,9,8
06-06-15, ,24,33,10,9,7
07-06-15, ,19,25,15,11,9
08-06-15, ,22,24,13,7,10
09-06-15, ,21,28,12,6,10
10-06-15, ,20,23,9,10,10
11-06-15, ,20,23,11,12,10
12-06-15, ,19,25,13,8,8
13-06-15, ,22,25,9,4,9
14-06-15, ,20,23,10,8,9
15-06-15, ,22,10,8,5,10
16-06-15, ,22,14,12,8,9
17-06-15, ,18,21,13,6,10
18-06-15, ,19,27,13,10,9
19-06-15, ,26,24,13,12,7
20-06-15, ,23,22,8,6,5
21-06-15, ,19,17,8,6,7
22-06-15, ,27,16,9,6,9
23-06-15, ,27,16,7,5,8
24-06-15, ,21,17,7,4,6
25-06-15, ,15,21,9,4,4
26-06-15, ,18,18,9,4,4
27-06-15, ,15,18,7,5,5
28-06-15, ,17,32,9,5,8
29-06-15, ,20,21,11,8,7
30-06-15, ,22,24,7,6,6
01-01-15, ,46,57,24,3,8
02-01-15, ,42,56,35,4,10
03-01-15, ,56,72,39,5,13
04-01-15, ,59,73,53,5,14
05-01-15, ,66,50,36,5,12
06-01-15, ,61,27,28,4,9
07-01-15, ,48,16,21,1,11
08-01-15, ,35,36,19,2,9
09-01-15, ,43,21,26,2,12
10-01-15, ,48,33,16,2,14
11-01-15, ,54,25,24,3,15
12-01-15, ,49,39,29,3,13
13-01-15, ,50,42,35,3,15
14-01-15, ,55,46,39,4,14
15-01-15, ,65,53,46,3,17
16-01-15, ,72,45,26,1,11
17-01-15, ,64,51,31,2,14
18-01-15, ,67,43,28,1,14
19-01-15, ,62,53,34,3,15
20-01-15, ,63,50,51,3,17
21-01-15, ,71,52,62,9,21
22-01-15, ,78,56,45,8,14
23-01-15, ,79,45,28,34,10
24-01-15, ,60,53,22,26,9
25-01-15, ,59,46,24,3,10
26-01-15, ,56,75,31,5,13
27-01-15, ,59,57,25,6,11
28-01-15, ,68,53,21,4,11
29-01-15, ,62,43,20,7,9
30-01-15, ,58,28,21,3,12
31-01-15, ,54,39,29,2,14
01-02-15, ,60,39,32,3,16
02-02-15, ,63,38,37,4,16
03-02-15, ,57,45,40,5,19
04-02-15, ,61,44,30,4,13
05-02-15, ,56,49,25,4,14
06-02-15, ,63,66,31,3,18
07-02-15, ,64,61,30,7,17
08-02-15, ,66,40,32,3,15
09-02-15, ,65,53,39,6,15
10-02-15, ,62,61,42,7,19
11-02-15, ,76,35,15,3,14
12-02-15, ,63,36,12,2,13
13-02-15, ,54,38,13,2,10
14-02-15, ,48,31,15,2,10
15-02-15, ,49,32,15,2,12
16-02-15, ,47,32,16,2,15
17-02-15, ,42,25,15,6,8
18-02-15, ,42,21,17,2,10
19-02-15, ,35,23,20,5,10
20-02-15, ,37,15,15,3,7
21-02-15, ,28,21,13,4,13
22-02-15, ,25,21,17,3,10
23-02-15, ,26,28,19,4,12
24-02-15, ,33,24,16,5,9
25-02-15, ,33,27,19,5,11
26-02-15, ,27,27,20,4,8
27-02-15, ,30,28,22,6,8
28-02-15, ,32,21,24,4,13
01-03-15, ,25,9,25,7,13
02-03-15, ,27,17,14,3,9
03-03-15, ,35,24,10,4,8
04-03-15, ,35,25,12,4,9
05-03-15, ,41,21,10,3,9
06-03-15, ,38,23,10,3,8
07-03-15, ,33,18,10,6,7
08-03-15, ,26,25,11,3,9
09-03-15, ,25,31,9,6,10
10-03-15, ,28,25,12,3,10
11-03-15, ,33,30,15,2,9
12-03-15, ,36,32,12,2,9
13-03-15, ,41, , , , 
16-03-15, ,32,27,12,2,10
17-03-15, ,35,25,11,3,10
18-03-15, ,38,30,11,4,12
19-03-15, ,32,34,10,3,13
20-03-15, ,36,22,10,3,11
21-03-15, ,41,35,14,3,12
22-03-15, ,36,27,13,4,11
23-03-15, ,37,24,27,5,14
24-03-15, ,39,65,20,5,12
25-03-15, ,55,42,27,5,16
26-03-15, ,46,46,27,4,14
27-03-15, ,54,59,32,4,15
28-03-15, ,55,55,21,4,12
29-03-15, ,43,23,13,3,12
30-03-15, ,35,22,10,3,11
31-03-15, ,32,31,10,4,11
01-10-14, ,32,18,27,15,8
02-10-14, ,26,36,35,14,12
03-10-14, ,28,26,37,11,15
04-10-14, ,44,22,22,15,14
05-10-14, ,33,14,24,16,13
06-10-14, ,22,25,17,13,12
07-10-14, ,23,14,20,2,9
08-10-14, ,29,21,29,2,11
09-10-14, ,21,23,18,9,8
10-10-14, ,31,16,14,1,9
11-10-14, ,17,30,25,2,11
12-10-14, ,27,36,29,8,15
13-10-14, ,57,36,26,2,12
14-10-14, ,54,49,29,2,12
15-10-14, ,58,67,34,2,13
16-10-14, ,69,49,31,2,14
17-10-14, ,69,43,29,1,14
18-10-14, ,53,25,19,1,9
19-10-14, ,41,20,19,2,10
20-10-14, ,28,23,29,2,14
21-10-14, ,25,18,30,3,14
22-10-14, ,38,17,21,6,9
23-10-14, ,38,10,27,2,11
24-10-14, ,30,16,24,5,10
25-10-14, ,29,24,20,7,7
26-10-14, ,21,24,27,3,13
27-10-14, ,30,36,26,2,10
28-10-14, ,28,21,28,2,11
29-10-14, ,29,37,39,4,15
30-10-14, ,34,30,32,8,14
31-10-14, ,51,19,23,3,11
01-11-14, ,34,23,25,1,11
02-11-14, ,28,21,21,5,9
03-11-14, ,27,13,23,2,14
04-11-14, ,28,16,27,3,14
05-11-14, ,27,22,25,3,14
06-11-14, ,47,17,31,3,16
07-11-14, ,38,18,27,7,11
08-11-14, ,37,23,23,12,16
09-11-14, ,43,31,26,2,14
10-11-14, ,41,40,36,4,13
11-11-14, ,44,33,35,3,11
12-11-14, ,54,29,25,2,10
13-11-14, ,44,30,23,2,11
14-11-14, ,26,40,30,5,12
15-11-14, ,39,33,29,5,10
16-11-14, ,44,32,28,2,12
17-11-14, ,43,37,19,6,9
18-11-14, ,39,53,25,2,10
19-11-14, ,43,49,36,2,11
20-11-14, ,55,49,35,3,11
21-11-14, ,61,43,33,4,10
22-11-14, ,59,39,36,3,10
23-11-14, ,59,42,35,4,12
24-11-14, ,55,46,33,3,11
25-11-14, ,60,54,36,3,9
26-11-14, ,60,35,34,3,7
27-11-14, ,53,20,45,4,18
28-11-14, ,46,35,50,4,20
29-11-14, ,70, , , , 
01-12-14, ,51,10,36,3,12
02-12-14, ,37,25,32,2,15
03-12-14, ,34,27,38,3,15
04-12-14, ,43,13,27,2,11
05-12-14, ,37,27,35,3,11
06-12-14, ,35,34,37,2,13
07-12-14, ,44,23,35,2,12
08-12-14, ,48,38,33,2,12
09-12-14, ,37,40,29,1,12
10-12-14, ,43,33,32,2,10
11-12-14, ,41,44,27,2,11
12-12-14, ,44,29,31,2,10
13-12-14, ,46,50,35,2,10
14-12-14, ,48,51,42,4,13
15-12-14, ,58,32,36,5,10
16-12-14, ,62,36,20,4,8
17-12-14, ,52,45,32,5,14
18-12-14, ,55,42,40,5,14
19-12-14, ,60,44,40,4,14
20-12-14, ,68,35,33,3,14
21-12-14, ,63,50,26,6,11
22-12-14, ,54,49,39,5,12
23-12-14, ,65,44,38,7,10
24-12-14, ,70,48,29,5,10
25-12-14, ,63,45,35,5,11
26-12-14, ,58,31,37,4,14
27-12-14, ,55,27,21,3,10
28-12-14, ,40, , , , 
01-07-14, ,37,22,17,3,7
02-07-14, ,35,23,17,3,7
03-07-14, ,30,25,16,2,6
04-07-14, ,26,19,15,3,5
05-07-14, ,23,20,13,2,6
06-07-14, ,22,17,14,5,6
07-07-14, ,18,12,13,3,7
08-07-14, ,18,13,15,3,5
09-07-14, ,17,11,15,3,6
10-07-14, ,17,15,12,4,6
11-07-14, ,24,15,11,3,5
12-07-14, ,26,25,14,2,6
13-07-14, ,21,13,21,4,8
14-07-14, ,22,14,18,3,7
15-07-14, ,25,20,21,4,8
16-07-14, ,24,18,16,3,7
17-07-14, ,23,13,17,3,7
18-07-14, ,21,9,15,2,7
19-07-14, ,21,12,15,2,7
20-07-14, ,27,16,18,3,7
21-07-14, ,38,18,18,3,6
22-07-14, ,33,24,19,4,7
23-07-14, ,24,15,18,3,7
24-07-14, ,26,14,19,3,7
25-07-14, ,30,14,19,3,6
26-07-14, ,33,16,18,4,7
27-07-14, ,25,8,20,5,9
28-07-14, ,25,17,20,8,10
29-07-14, ,34,20,18,8,10
30-07-14, ,41,14,18,11,11
31-07-14, ,43,16,17,7,9
01-08-14, ,42,10,16,10,8
02-08-14, ,39,11,13,5,8
03-08-14, ,39,10,14,10,9
04-08-14, ,34,10,14,6,7
05-08-14, ,26,12,13,6,8
06-08-14, ,25,10,12,6,7
07-08-14, ,27,14,11,4,7
08-08-14, ,23,15,12,11,6
09-08-14, ,21,13,11,7,7
10-08-14, ,23,18,11,9,7
11-08-14, ,21,17,11,4,6
12-08-14, ,26,17,11,6,6
13-08-14, ,24,12,13,5,7
14-08-14, ,22,11,13,5,7
15-08-14, ,24,19,18,10,8
16-08-14, ,31,5,13,7,6
17-08-14, ,31,24,21,3,8
18-08-14, ,21,20,18,3,6
19-08-14, ,25,17,23,3,7
20-08-14, ,28,16,20,3,7
21-08-14, ,26,15,25,5,10
22-08-14, ,28,16,24,5,7
23-08-14, ,39,21,16,2,6
24-08-14, ,32,20,19,9,7
25-08-14, ,25,19,17,12,7
26-08-14, ,31,34,22,11,9
27-08-14, ,25,20,17,13,8
28-08-14, ,27,16,14,6,7
29-08-14, ,22,13,16,4,7
30-08-14, ,24,11,13,12,7
31-08-14, ,21,13,12,15,8
01-09-14, ,21,10,13,10,7
02-09-14, ,21,11,16,5,9
03-09-14, ,24,15,15,8,8
04-09-14, ,29,15,14,7,7
05-09-14, ,24,19,14,2,5
06-09-14, ,22,17,14,2,5
07-09-14, ,21,18,13,6,7
08-09-14, ,21,23,15,2,6
09-09-14, ,20,18,16,5,7
10-09-14, ,21,21,20,3,8
11-09-14, ,23,17,18,3,6
12-09-14, ,26,19,15,2,7
13-09-14, ,26,21,13,3,5
14-09-14, ,25,17,15,7,6
15-09-14, ,25,13,21,4,8
16-09-14, ,29,15,15,15,14
17-09-14, ,22,11,15,3,5
18-09-14, ,17,15,19,3,7
19-09-14, ,22,29,19,3,6
20-09-14, ,24,29,15,2,4
21-09-14, ,24,21,19,3,7
22-09-14, ,25,20,16,3,5
23-09-14, ,30,15,21,7,8
24-09-14, ,27,21,28,7,11
25-09-14, ,27,30,21,5,7
26-09-14, ,28,31,25,3,7
27-09-14, ,28,4,18,10,9
28-09-14, ,18,28,35,4,8
29-09-14, ,32,21,32,5,9
30-09-14, ,26,45,31,5,11
01-04-14, ,30,23,15,2,7
02-04-14, ,38,23,12,3,7
03-04-14, ,39,25,14,3,7
04-04-14, ,36,43,21,3,7
05-04-14, ,47,34,18,4,6
06-04-14, ,48,35,12,2,5
07-04-14, ,34,66,20,3,7
08-04-14, ,46,65,25,3,8
09-04-14, ,62,44,24,3,9
10-04-14, ,67,29,25,3,9
11-04-14, ,66,46,25,5,9
12-04-14, ,65,47,23,4,9
13-04-14, ,61,43,19,3,8
14-04-14, ,57,58,21,2,8
15-04-14, ,42,32,16,3,7
16-04-14, ,41,31,18,3,7
17-04-14, ,36,25,16,5,7
18-04-14, ,37,20,18,3,6
19-04-14, ,34,24,15,10,6
20-04-14, ,27,23,16,9,6
21-04-14, ,28,26,15,7,6
22-04-14, ,27,28,17,4,8
23-04-14, ,33,18,17,4,7
24-04-14, ,38,22,18,4,7
25-04-14, ,34,17,19,4,6
26-04-14, ,34,22,13,4,5
27-04-14, ,30,18,23,4,7
28-04-14, ,28,17,22,9,8
29-04-14, ,33,22,20,3,6
30-04-14, ,31,19,12,3,6
01-05-14, ,32,29,21,3,8
02-05-14, ,35,21,15,3,5
03-05-14, ,37,31,21,4,7
04-05-14, ,26,22,19,4,8
05-05-14, ,21,32,24,3,9
06-05-14, ,34,27,27,12,10
07-05-14, ,33,23,23,3,9
08-05-14, ,41,19,10,2,5
09-05-14, ,32,33,12,2,6
10-05-14, ,34,27,15,2,7
11-05-14, ,33,34,13,3,6
12-05-14, ,22,24,13,3,5
13-05-14, ,20,32,18,3,7
14-05-14, ,22,35,16,3,5
15-05-14, ,20,33,17,3,6
16-05-14, ,20,28,15,3,6
17-05-14, ,27,13,19,2,7
18-05-14, ,26,32,19,3,8
19-05-14, ,24,38,17,4,7
20-05-14, ,26,36,16,3,6
21-05-14, ,23,18,15,3,6
22-05-14, ,25,16,14,2,5
23-05-14, ,25,36,19,3,6
24-05-14, ,24,24,22,3,7
25-05-14, ,28,34,27,3,8
26-05-14, ,35,15,19,4,7
27-05-14, ,39,25,22,2,7
28-05-14, ,27,35,20,3,6
29-05-14, ,27,43,18,4,7
30-05-14, ,27,40,16,3,6
31-05-14, ,23,18,16,2,7
01-06-14, ,25,34,18,2,7
02-06-14, ,19,37,15,2,6
03-06-14, ,21,24,17,2,7
04-06-14, ,22,10,17,2,7
05-06-14, ,25,15,18,2,6
06-06-14, ,24,15,15,2,6
07-06-14, ,22,10,14,3,7
08-06-14, ,25,12,14,4,7
09-06-14, ,23,12,15,5,6
10-06-14, ,27,9,13,2,6
11-06-14, ,27,15,15,2,6
12-06-14, ,24,16,16,2,5
13-06-14, ,23,14,13,4,4
14-06-14, ,19,13,11,4,5
15-06-14, ,21,15,12,3,5
16-06-14, ,31,19,16,2,5
17-06-14, ,28,11,15,2,6
18-06-14, ,31,15,14,3,5
19-06-14, ,38,15,16,3,5
20-06-14, ,45,10,18,3,6
21-06-14, ,53,13,16,3,6
22-06-14, ,54,16,19,2,7
23-06-14, ,38,17,17,3,6
24-06-14, ,31,9,14,2,6
25-06-14, ,26,6,13,2,7
26-06-14, ,31,9,21,3,12
27-06-14, ,40,13,16,3,7
28-06-14, ,40,14,12,3,7
29-06-14, ,38,14,19,2,7
30-06-14, ,41,11,17,2,7
01-01-14, ,84,90,48,5,16
02-01-14, ,84,119,63,7,14
03-01-14, ,103,95,57,7,13
04-01-14, ,101,52,34,1, 
05-01-14, ,95,69,52,6,14
06-01-14, ,78,61,46,9,11
07-01-14, ,88,64,55,8,14
08-01-14, ,79,36,47,5,11
09-01-14, ,95,38,33,2,9
10-01-14, ,67,48,33,2,11
11-01-14, ,67,49,30,3,14
12-01-14, ,64,40,24,2,6
13-01-14, ,60,44,23,1,9
14-01-14, ,54,46,28,2,7
15-01-14, ,59,49,38,3,9
16-01-14, ,65,50,43,4,14
17-01-14, ,72,44,25,1,9
18-01-14, ,65,69,23,1,10
19-01-14, ,69,68,39,5,12
20-01-14, ,81,27,37,2,11
21-01-14, ,79,62,18,5,12
22-01-14, ,80,58,45,4,15
23-01-14, ,95,79,47,8,18
24-01-14, ,92,4,72,11,27
25-01-14, ,107, , , , 
27-01-14, ,128,57,42,4,13
28-01-14, ,94,49,52,6,14
29-01-14, ,74,43,48,6,15
30-01-14, ,81,44,31,7,12
31-01-14, ,72,48,31,6,13
01-02-14, ,64,49,29,5,9
02-02-14, ,59,66,37,7,10
03-02-14, ,59,32,21,6,9
04-02-14, ,64,32,25,3,8
05-02-14, ,55,35,26,4,8
06-02-14, ,52,23,20,2,7
07-02-14, ,45,21,17,4,7
08-02-14, ,40,42,20,3,7
09-02-14, ,37,46,33,6,9
10-02-14, ,45,21,22,4,8
11-02-14, ,55,22,20,3,7
12-02-14, ,41,20,22,4,7
13-02-14, ,44,31,22,3,7
14-02-14, ,46,17,19,2,4
15-02-14, ,42,32,20,2,8
16-02-14, ,42,34,22,2,8
17-02-14, ,49,31,25,3,8
18-02-14, ,50,35,23,4,8
19-02-14, ,52,37,22,5,11
20-02-14, ,56,37,32,3,13
21-02-14, ,65,71,39,4,15
22-02-14, ,75,53,22,2,10
23-02-14, ,56,44,23,3,9
24-02-14, ,50,38,26,4,8
25-02-14, ,49,37,24,4,9
26-02-14, ,52,33,23,2,8
27-02-14, ,52,30,26,3,8
28-02-14, ,48,32,22,3,7
01-03-14, ,44,38,19,3,7
02-03-14, ,45,37,24,5,9
03-03-14, ,46,45,16,3,7
04-03-14, ,50,39,21,4,7
05-03-14, ,49,36,18,3,6
06-03-14, ,51,34,18,3,5
07-03-14, ,46,34,18,3,6
08-03-14, ,44,28,16,3,6
09-03-14, ,46,30,19,3,7
10-03-14, ,46,34,21,4,7
11-03-14, ,41,30,17,4,6
12-03-14, ,42,26,20,3,9
13-03-14, ,48,31,23,5,8
14-03-14, ,50,32,22,2,9
15-03-14, ,43,4,22,6,6
16-03-14, ,43,48,14,3,11
17-03-14, ,53,26,14,3,8
18-03-14, ,41,17,19,3,8
19-03-14, ,34,32,23,3,8
20-03-14, ,45,42,23,5,9
21-03-14, ,52,12,23,3,8
22-03-14, ,55,55,28,4,11
23-03-14, ,54,51,28,2,10
24-03-14, ,58,41,23,2,8
25-03-14, ,51,35,23,3,8
26-03-14, ,42,25,27,3,8
27-03-14, ,42,21,29,2,8
28-03-14, ,46,24,26,3,8
29-03-14, ,46,14,16,2,6
30-03-14, ,33,9,18,3,6
31-03-14, ,21,16,17,2,7
02-01-16, , ,63,27,3,12
31-12-14, , ,38,23,3,8
15-03-15, , ,23,13,3,9
30-11-14, , ,40,36,4,11
31-12-13, , ,68,33,3,7
26-01-14, , ,54,53,6,18
01-01-16, , , ,23, ,8
